<annotation>
	<folder></folder>
	<filename>IMG_2527_jpeg.rf.192436dd6eadf4e394dd4c40428e0289.jpg</filename>
	<path>IMG_2527_jpeg.rf.192436dd6eadf4e394dd4c40428e0289.jpg</path>
	<source>
		<database>roboflow.com</database>
	</source>
	<size>
		<width>640</width>
		<height>640</height>
		<depth>3</depth>
	</size>
	<segmented>0</segmented>
	<object>
		<name>ball</name>
		<pose>Unspecified</pose>
		<truncated>0</truncated>
		<difficult>0</difficult>
		<occluded>0</occluded>
		<bndbox>
			<xmin>50</xmin>
			<xmax>404</xmax>
			<ymin>33</ymin>
			<ymax>313</ymax>
		</bndbox>
	</object>
	<object>
		<name>ball</name>
		<pose>Unspecified</pose>
		<truncated>0</truncated>
		<difficult>0</difficult>
		<occluded>0</occluded>
		<bndbox>
			<xmin>20</xmin>
			<xmax>369</xmax>
			<ymin>290</ymin>
			<ymax>558</ymax>
		</bndbox>
	</object>
	<object>
		<name>ball</name>
		<pose>Unspecified</pose>
		<truncated>0</truncated>
		<difficult>0</difficult>
		<occluded>0</occluded>
		<bndbox>
			<xmin>334</xmin>
			<xmax>633</xmax>
			<ymin>322</ymin>
			<ymax>537</ymax>
		</bndbox>
	</object>
	<object>
		<name>ball</name>
		<pose>Unspecified</pose>
		<truncated>0</truncated>
		<difficult>0</difficult>
		<occluded>0</occluded>
		<bndbox>
			<xmin>346</xmin>
			<xmax>641</xmax>
			<ymin>514</ymin>
			<ymax>638</ymax>
		</bndbox>
	</object>
</annotation>
