<annotation>
	<folder></folder>
	<filename>IMG_2373_jpeg.rf.c74a85810cedcc8d7c4b2792aa13a32f.jpg</filename>
	<path>IMG_2373_jpeg.rf.c74a85810cedcc8d7c4b2792aa13a32f.jpg</path>
	<source>
		<database>roboflow.com</database>
	</source>
	<size>
		<width>640</width>
		<height>640</height>
		<depth>3</depth>
	</size>
	<segmented>0</segmented>
	<object>
		<name>tshirt</name>
		<pose>Unspecified</pose>
		<truncated>0</truncated>
		<difficult>0</difficult>
		<occluded>0</occluded>
		<bndbox>
			<xmin>20</xmin>
			<xmax>632</xmax>
			<ymin>72</ymin>
			<ymax>626</ymax>
		</bndbox>
	</object>
</annotation>
