<annotation>
	<folder></folder>
	<filename>IMG_2447_jpeg.rf.a097342cc3bb35e14e06f14352bf2781.jpg</filename>
	<path>IMG_2447_jpeg.rf.a097342cc3bb35e14e06f14352bf2781.jpg</path>
	<source>
		<database>roboflow.com</database>
	</source>
	<size>
		<width>640</width>
		<height>640</height>
		<depth>3</depth>
	</size>
	<segmented>0</segmented>
	<object>
		<name>tshirt</name>
		<pose>Unspecified</pose>
		<truncated>0</truncated>
		<difficult>0</difficult>
		<occluded>0</occluded>
		<bndbox>
			<xmin>25</xmin>
			<xmax>623</xmax>
			<ymin>87</ymin>
			<ymax>590</ymax>
		</bndbox>
	</object>
</annotation>
