<annotation>
	<folder></folder>
	<filename>IMG_2421_jpeg.rf.be78c2a77d8b1503d98af63af66afd07.jpg</filename>
	<path>IMG_2421_jpeg.rf.be78c2a77d8b1503d98af63af66afd07.jpg</path>
	<source>
		<database>roboflow.com</database>
	</source>
	<size>
		<width>640</width>
		<height>640</height>
		<depth>3</depth>
	</size>
	<segmented>0</segmented>
	<object>
		<name>tshirt</name>
		<pose>Unspecified</pose>
		<truncated>0</truncated>
		<difficult>0</difficult>
		<occluded>0</occluded>
		<bndbox>
			<xmin>33</xmin>
			<xmax>631</xmax>
			<ymin>42</ymin>
			<ymax>631</ymax>
		</bndbox>
	</object>
</annotation>
