<annotation>
	<folder></folder>
	<filename>IMG_2470_jpeg.rf.468e1f156170aa44773f221158e7f8c6.jpg</filename>
	<path>IMG_2470_jpeg.rf.468e1f156170aa44773f221158e7f8c6.jpg</path>
	<source>
		<database>roboflow.com</database>
	</source>
	<size>
		<width>640</width>
		<height>640</height>
		<depth>3</depth>
	</size>
	<segmented>0</segmented>
	<object>
		<name>vaccum cleaner</name>
		<pose>Unspecified</pose>
		<truncated>0</truncated>
		<difficult>0</difficult>
		<occluded>0</occluded>
		<bndbox>
			<xmin>164</xmin>
			<xmax>421</xmax>
			<ymin>1</ymin>
			<ymax>610</ymax>
		</bndbox>
	</object>
</annotation>
