<annotation>
	<folder></folder>
	<filename>IMG_2508_jpeg.rf.4cf87ca71957036028ed3e410da7f230.jpg</filename>
	<path>IMG_2508_jpeg.rf.4cf87ca71957036028ed3e410da7f230.jpg</path>
	<source>
		<database>roboflow.com</database>
	</source>
	<size>
		<width>640</width>
		<height>640</height>
		<depth>3</depth>
	</size>
	<segmented>0</segmented>
	<object>
		<name>ball</name>
		<pose>Unspecified</pose>
		<truncated>0</truncated>
		<difficult>0</difficult>
		<occluded>0</occluded>
		<bndbox>
			<xmin>50</xmin>
			<xmax>614</xmax>
			<ymin>153</ymin>
			<ymax>592</ymax>
		</bndbox>
	</object>
</annotation>
