<annotation>
	<folder></folder>
	<filename>IMG_2415_jpeg.rf.5ef5918808eff4ce07d9009bc7113400.jpg</filename>
	<path>IMG_2415_jpeg.rf.5ef5918808eff4ce07d9009bc7113400.jpg</path>
	<source>
		<database>roboflow.com</database>
	</source>
	<size>
		<width>640</width>
		<height>640</height>
		<depth>3</depth>
	</size>
	<segmented>0</segmented>
	<object>
		<name>tshirt</name>
		<pose>Unspecified</pose>
		<truncated>0</truncated>
		<difficult>0</difficult>
		<occluded>0</occluded>
		<bndbox>
			<xmin>64</xmin>
			<xmax>567</xmax>
			<ymin>12</ymin>
			<ymax>617</ymax>
		</bndbox>
	</object>
</annotation>
