<annotation>
	<folder></folder>
	<filename>IMG_2521_jpeg.rf.450b83189af0a0e3bc510b18e1d8b5d5.jpg</filename>
	<path>IMG_2521_jpeg.rf.450b83189af0a0e3bc510b18e1d8b5d5.jpg</path>
	<source>
		<database>roboflow.com</database>
	</source>
	<size>
		<width>640</width>
		<height>640</height>
		<depth>3</depth>
	</size>
	<segmented>0</segmented>
	<object>
		<name>ball</name>
		<pose>Unspecified</pose>
		<truncated>0</truncated>
		<difficult>0</difficult>
		<occluded>0</occluded>
		<bndbox>
			<xmin>160</xmin>
			<xmax>516</xmax>
			<ymin>165</ymin>
			<ymax>462</ymax>
		</bndbox>
	</object>
</annotation>
