<annotation>
	<folder></folder>
	<filename>IMG_2507_jpeg.rf.99a8192623fa57eecb3dc6c45485497d.jpg</filename>
	<path>IMG_2507_jpeg.rf.99a8192623fa57eecb3dc6c45485497d.jpg</path>
	<source>
		<database>roboflow.com</database>
	</source>
	<size>
		<width>640</width>
		<height>640</height>
		<depth>3</depth>
	</size>
	<segmented>0</segmented>
	<object>
		<name>ball</name>
		<pose>Unspecified</pose>
		<truncated>0</truncated>
		<difficult>0</difficult>
		<occluded>0</occluded>
		<bndbox>
			<xmin>52</xmin>
			<xmax>592</xmax>
			<ymin>152</ymin>
			<ymax>569</ymax>
		</bndbox>
	</object>
</annotation>
