<annotation>
	<folder></folder>
	<filename>IMG_2480_jpeg.rf.35a634ce658dfc85b374ebbd78e36e62.jpg</filename>
	<path>IMG_2480_jpeg.rf.35a634ce658dfc85b374ebbd78e36e62.jpg</path>
	<source>
		<database>roboflow.com</database>
	</source>
	<size>
		<width>640</width>
		<height>640</height>
		<depth>3</depth>
	</size>
	<segmented>0</segmented>
	<object>
		<name>vaccum cleaner</name>
		<pose>Unspecified</pose>
		<truncated>0</truncated>
		<difficult>0</difficult>
		<occluded>0</occluded>
		<bndbox>
			<xmin>134</xmin>
			<xmax>334</xmax>
			<ymin>45</ymin>
			<ymax>571</ymax>
		</bndbox>
	</object>
</annotation>
