<annotation>
	<folder></folder>
	<filename>IMG_2485_jpeg.rf.874215ef8b52b96004c70641a08a7b85.jpg</filename>
	<path>IMG_2485_jpeg.rf.874215ef8b52b96004c70641a08a7b85.jpg</path>
	<source>
		<database>roboflow.com</database>
	</source>
	<size>
		<width>640</width>
		<height>640</height>
		<depth>3</depth>
	</size>
	<segmented>0</segmented>
	<object>
		<name>ball</name>
		<pose>Unspecified</pose>
		<truncated>0</truncated>
		<difficult>0</difficult>
		<occluded>0</occluded>
		<bndbox>
			<xmin>88</xmin>
			<xmax>581</xmax>
			<ymin>138</ymin>
			<ymax>523</ymax>
		</bndbox>
	</object>
</annotation>
