<annotation>
	<folder></folder>
	<filename>IMG_2535_jpeg.rf.fa06e7aff9e4fbbb1c52d4047aee0bd2.jpg</filename>
	<path>IMG_2535_jpeg.rf.fa06e7aff9e4fbbb1c52d4047aee0bd2.jpg</path>
	<source>
		<database>roboflow.com</database>
	</source>
	<size>
		<width>640</width>
		<height>640</height>
		<depth>3</depth>
	</size>
	<segmented>0</segmented>
	<object>
		<name>ball</name>
		<pose>Unspecified</pose>
		<truncated>0</truncated>
		<difficult>0</difficult>
		<occluded>0</occluded>
		<bndbox>
			<xmin>31</xmin>
			<xmax>572</xmax>
			<ymin>152</ymin>
			<ymax>558</ymax>
		</bndbox>
	</object>
</annotation>
