<annotation>
	<folder></folder>
	<filename>IMG_2433_jpeg.rf.9f8cc81fff90c5a2fbf19dbe4681daa5.jpg</filename>
	<path>IMG_2433_jpeg.rf.9f8cc81fff90c5a2fbf19dbe4681daa5.jpg</path>
	<source>
		<database>roboflow.com</database>
	</source>
	<size>
		<width>640</width>
		<height>640</height>
		<depth>3</depth>
	</size>
	<segmented>0</segmented>
	<object>
		<name>tshirt</name>
		<pose>Unspecified</pose>
		<truncated>0</truncated>
		<difficult>0</difficult>
		<occluded>0</occluded>
		<bndbox>
			<xmin>24</xmin>
			<xmax>625</xmax>
			<ymin>98</ymin>
			<ymax>602</ymax>
		</bndbox>
	</object>
</annotation>
