<annotation>
	<folder></folder>
	<filename>IMG_2418_jpeg.rf.64aef6162348a4385024d95546ebdef0.jpg</filename>
	<path>IMG_2418_jpeg.rf.64aef6162348a4385024d95546ebdef0.jpg</path>
	<source>
		<database>roboflow.com</database>
	</source>
	<size>
		<width>640</width>
		<height>640</height>
		<depth>3</depth>
	</size>
	<segmented>0</segmented>
	<object>
		<name>tshirt</name>
		<pose>Unspecified</pose>
		<truncated>0</truncated>
		<difficult>0</difficult>
		<occluded>0</occluded>
		<bndbox>
			<xmin>10</xmin>
			<xmax>638</xmax>
			<ymin>7</ymin>
			<ymax>629</ymax>
		</bndbox>
	</object>
</annotation>
