<annotation>
	<folder></folder>
	<filename>IMG_2391_jpeg.rf.4d9e76da7112a507a422104a498bbe39.jpg</filename>
	<path>IMG_2391_jpeg.rf.4d9e76da7112a507a422104a498bbe39.jpg</path>
	<source>
		<database>roboflow.com</database>
	</source>
	<size>
		<width>640</width>
		<height>640</height>
		<depth>3</depth>
	</size>
	<segmented>0</segmented>
	<object>
		<name>tshirt</name>
		<pose>Unspecified</pose>
		<truncated>0</truncated>
		<difficult>0</difficult>
		<occluded>0</occluded>
		<bndbox>
			<xmin>58</xmin>
			<xmax>600</xmax>
			<ymin>89</ymin>
			<ymax>587</ymax>
		</bndbox>
	</object>
</annotation>
