<annotation>
	<folder></folder>
	<filename>IMG_2467_jpeg.rf.14b3c698bd9e1e6a29d2818214626900.jpg</filename>
	<path>IMG_2467_jpeg.rf.14b3c698bd9e1e6a29d2818214626900.jpg</path>
	<source>
		<database>roboflow.com</database>
	</source>
	<size>
		<width>640</width>
		<height>640</height>
		<depth>3</depth>
	</size>
	<segmented>0</segmented>
	<object>
		<name>vaccum cleaner</name>
		<pose>Unspecified</pose>
		<truncated>0</truncated>
		<difficult>0</difficult>
		<occluded>0</occluded>
		<bndbox>
			<xmin>81</xmin>
			<xmax>586</xmax>
			<ymin>25</ymin>
			<ymax>603</ymax>
		</bndbox>
	</object>
</annotation>
