<annotation>
	<folder></folder>
	<filename>IMG_2493_jpeg.rf.c9675260e992385ebab3441a30f32b5e.jpg</filename>
	<path>IMG_2493_jpeg.rf.c9675260e992385ebab3441a30f32b5e.jpg</path>
	<source>
		<database>roboflow.com</database>
	</source>
	<size>
		<width>640</width>
		<height>640</height>
		<depth>3</depth>
	</size>
	<segmented>0</segmented>
	<object>
		<name>ball</name>
		<pose>Unspecified</pose>
		<truncated>0</truncated>
		<difficult>0</difficult>
		<occluded>0</occluded>
		<bndbox>
			<xmin>126</xmin>
			<xmax>563</xmax>
			<ymin>138</ymin>
			<ymax>513</ymax>
		</bndbox>
	</object>
</annotation>
