<annotation>
	<folder></folder>
	<filename>IMG_2472_jpeg.rf.9b62a9b1e2935fc62d1f6f780951ffc8.jpg</filename>
	<path>IMG_2472_jpeg.rf.9b62a9b1e2935fc62d1f6f780951ffc8.jpg</path>
	<source>
		<database>roboflow.com</database>
	</source>
	<size>
		<width>640</width>
		<height>640</height>
		<depth>3</depth>
	</size>
	<segmented>0</segmented>
	<object>
		<name>vaccum cleaner</name>
		<pose>Unspecified</pose>
		<truncated>0</truncated>
		<difficult>0</difficult>
		<occluded>0</occluded>
		<bndbox>
			<xmin>175</xmin>
			<xmax>468</xmax>
			<ymin>6</ymin>
			<ymax>636</ymax>
		</bndbox>
	</object>
	<object>
		<name>vaccum cleaner</name>
		<pose>Unspecified</pose>
		<truncated>0</truncated>
		<difficult>0</difficult>
		<occluded>0</occluded>
		<bndbox>
			<xmin>37</xmin>
			<xmax>253</xmax>
			<ymin>103</ymin>
			<ymax>310</ymax>
		</bndbox>
	</object>
	<object>
		<name>vaccum cleaner</name>
		<pose>Unspecified</pose>
		<truncated>0</truncated>
		<difficult>0</difficult>
		<occluded>0</occluded>
		<bndbox>
			<xmin>1</xmin>
			<xmax>103</xmax>
			<ymin>303</ymin>
			<ymax>560</ymax>
		</bndbox>
	</object>
</annotation>
