<annotation>
	<folder></folder>
	<filename>IMG_2564_jpeg.rf.899ef503cafa0fd10c50b2d3cb0aca9c.jpg</filename>
	<path>IMG_2564_jpeg.rf.899ef503cafa0fd10c50b2d3cb0aca9c.jpg</path>
	<source>
		<database>roboflow.com</database>
	</source>
	<size>
		<width>640</width>
		<height>640</height>
		<depth>3</depth>
	</size>
	<segmented>0</segmented>
	<object>
		<name>ball</name>
		<pose>Unspecified</pose>
		<truncated>0</truncated>
		<difficult>0</difficult>
		<occluded>0</occluded>
		<bndbox>
			<xmin>164</xmin>
			<xmax>465</xmax>
			<ymin>195</ymin>
			<ymax>448</ymax>
		</bndbox>
	</object>
</annotation>
