<annotation>
	<folder></folder>
	<filename>IMG_2451_jpeg.rf.a0a3cec7c98e3e6b0e90fbbce2f52640.jpg</filename>
	<path>IMG_2451_jpeg.rf.a0a3cec7c98e3e6b0e90fbbce2f52640.jpg</path>
	<source>
		<database>roboflow.com</database>
	</source>
	<size>
		<width>640</width>
		<height>640</height>
		<depth>3</depth>
	</size>
	<segmented>0</segmented>
	<object>
		<name>tshirt</name>
		<pose>Unspecified</pose>
		<truncated>0</truncated>
		<difficult>0</difficult>
		<occluded>0</occluded>
		<bndbox>
			<xmin>1</xmin>
			<xmax>293</xmax>
			<ymin>190</ymin>
			<ymax>548</ymax>
		</bndbox>
	</object>
	<object>
		<name>tshirt</name>
		<pose>Unspecified</pose>
		<truncated>0</truncated>
		<difficult>0</difficult>
		<occluded>0</occluded>
		<bndbox>
			<xmin>257</xmin>
			<xmax>445</xmax>
			<ymin>173</ymin>
			<ymax>480</ymax>
		</bndbox>
	</object>
	<object>
		<name>tshirt</name>
		<pose>Unspecified</pose>
		<truncated>0</truncated>
		<difficult>0</difficult>
		<occluded>0</occluded>
		<bndbox>
			<xmin>454</xmin>
			<xmax>544</xmax>
			<ymin>136</ymin>
			<ymax>261</ymax>
		</bndbox>
	</object>
</annotation>
