<annotation>
	<folder></folder>
	<filename>IMG_2506_jpeg.rf.2cb728a084b4a049b18957c569a4083c.jpg</filename>
	<path>IMG_2506_jpeg.rf.2cb728a084b4a049b18957c569a4083c.jpg</path>
	<source>
		<database>roboflow.com</database>
	</source>
	<size>
		<width>640</width>
		<height>640</height>
		<depth>3</depth>
	</size>
	<segmented>0</segmented>
	<object>
		<name>ball</name>
		<pose>Unspecified</pose>
		<truncated>0</truncated>
		<difficult>0</difficult>
		<occluded>0</occluded>
		<bndbox>
			<xmin>62</xmin>
			<xmax>612</xmax>
			<ymin>173</ymin>
			<ymax>602</ymax>
		</bndbox>
	</object>
</annotation>
