<annotation>
	<folder></folder>
	<filename>IMG_2487_jpeg.rf.c98e90adeb045d5b3abf18119cb1dd66.jpg</filename>
	<path>IMG_2487_jpeg.rf.c98e90adeb045d5b3abf18119cb1dd66.jpg</path>
	<source>
		<database>roboflow.com</database>
	</source>
	<size>
		<width>640</width>
		<height>640</height>
		<depth>3</depth>
	</size>
	<segmented>0</segmented>
	<object>
		<name>ball</name>
		<pose>Unspecified</pose>
		<truncated>0</truncated>
		<difficult>0</difficult>
		<occluded>0</occluded>
		<bndbox>
			<xmin>187</xmin>
			<xmax>498</xmax>
			<ymin>114</ymin>
			<ymax>322</ymax>
		</bndbox>
	</object>
	<object>
		<name>ball</name>
		<pose>Unspecified</pose>
		<truncated>0</truncated>
		<difficult>0</difficult>
		<occluded>0</occluded>
		<bndbox>
			<xmin>120</xmin>
			<xmax>489</xmax>
			<ymin>287</ymin>
			<ymax>569</ymax>
		</bndbox>
	</object>
</annotation>
