<annotation>
	<folder></folder>
	<filename>IMG_2462_jpeg.rf.fd4b9567803a27d275efc5946229e0b1.jpg</filename>
	<path>IMG_2462_jpeg.rf.fd4b9567803a27d275efc5946229e0b1.jpg</path>
	<source>
		<database>roboflow.com</database>
	</source>
	<size>
		<width>640</width>
		<height>640</height>
		<depth>3</depth>
	</size>
	<segmented>0</segmented>
	<object>
		<name>vaccum cleaner</name>
		<pose>Unspecified</pose>
		<truncated>0</truncated>
		<difficult>0</difficult>
		<occluded>0</occluded>
		<bndbox>
			<xmin>69</xmin>
			<xmax>568</xmax>
			<ymin>14</ymin>
			<ymax>612</ymax>
		</bndbox>
	</object>
</annotation>
