<annotation>
	<folder></folder>
	<filename>IMG_2406_jpeg.rf.fad35f984920af7eabc46e7e22d4b785.jpg</filename>
	<path>IMG_2406_jpeg.rf.fad35f984920af7eabc46e7e22d4b785.jpg</path>
	<source>
		<database>roboflow.com</database>
	</source>
	<size>
		<width>640</width>
		<height>640</height>
		<depth>3</depth>
	</size>
	<segmented>0</segmented>
	<object>
		<name>tshirt</name>
		<pose>Unspecified</pose>
		<truncated>0</truncated>
		<difficult>0</difficult>
		<occluded>0</occluded>
		<bndbox>
			<xmin>10</xmin>
			<xmax>615</xmax>
			<ymin>52</ymin>
			<ymax>608</ymax>
		</bndbox>
	</object>
</annotation>
