<annotation>
	<folder></folder>
	<filename>IMG_2546_jpeg.rf.9ee5d1b802ff54c6a2a576f9f65cda64.jpg</filename>
	<path>IMG_2546_jpeg.rf.9ee5d1b802ff54c6a2a576f9f65cda64.jpg</path>
	<source>
		<database>roboflow.com</database>
	</source>
	<size>
		<width>640</width>
		<height>640</height>
		<depth>3</depth>
	</size>
	<segmented>0</segmented>
	<object>
		<name>vaccum cleaner</name>
		<pose>Unspecified</pose>
		<truncated>0</truncated>
		<difficult>0</difficult>
		<occluded>0</occluded>
		<bndbox>
			<xmin>192</xmin>
			<xmax>437</xmax>
			<ymin>3</ymin>
			<ymax>638</ymax>
		</bndbox>
	</object>
</annotation>
