<annotation>
	<folder></folder>
	<filename>IMG_2500_jpeg.rf.cb61b948f547042b12b04fb910aa0ff2.jpg</filename>
	<path>IMG_2500_jpeg.rf.cb61b948f547042b12b04fb910aa0ff2.jpg</path>
	<source>
		<database>roboflow.com</database>
	</source>
	<size>
		<width>640</width>
		<height>640</height>
		<depth>3</depth>
	</size>
	<segmented>0</segmented>
	<object>
		<name>ball</name>
		<pose>Unspecified</pose>
		<truncated>0</truncated>
		<difficult>0</difficult>
		<occluded>0</occluded>
		<bndbox>
			<xmin>202</xmin>
			<xmax>495</xmax>
			<ymin>235</ymin>
			<ymax>459</ymax>
		</bndbox>
	</object>
</annotation>
