<annotation>
	<folder></folder>
	<filename>IMG_2442_jpeg.rf.45abe386435f9479cd3b5c858fad9979.jpg</filename>
	<path>IMG_2442_jpeg.rf.45abe386435f9479cd3b5c858fad9979.jpg</path>
	<source>
		<database>roboflow.com</database>
	</source>
	<size>
		<width>640</width>
		<height>640</height>
		<depth>3</depth>
	</size>
	<segmented>0</segmented>
	<object>
		<name>tshirt</name>
		<pose>Unspecified</pose>
		<truncated>0</truncated>
		<difficult>0</difficult>
		<occluded>0</occluded>
		<bndbox>
			<xmin>29</xmin>
			<xmax>629</xmax>
			<ymin>85</ymin>
			<ymax>634</ymax>
		</bndbox>
	</object>
</annotation>
