<annotation>
	<folder></folder>
	<filename>IMG_2384_jpeg.rf.253c4fdbd59e08f995c6eda18e417de4.jpg</filename>
	<path>IMG_2384_jpeg.rf.253c4fdbd59e08f995c6eda18e417de4.jpg</path>
	<source>
		<database>roboflow.com</database>
	</source>
	<size>
		<width>640</width>
		<height>640</height>
		<depth>3</depth>
	</size>
	<segmented>0</segmented>
	<object>
		<name>tshirt</name>
		<pose>Unspecified</pose>
		<truncated>0</truncated>
		<difficult>0</difficult>
		<occluded>0</occluded>
		<bndbox>
			<xmin>58</xmin>
			<xmax>545</xmax>
			<ymin>104</ymin>
			<ymax>586</ymax>
		</bndbox>
	</object>
</annotation>
