<annotation>
	<folder></folder>
	<filename>IMG_2428_jpeg.rf.cfe9280f2512ad00300ebc93b4c45040.jpg</filename>
	<path>IMG_2428_jpeg.rf.cfe9280f2512ad00300ebc93b4c45040.jpg</path>
	<source>
		<database>roboflow.com</database>
	</source>
	<size>
		<width>640</width>
		<height>640</height>
		<depth>3</depth>
	</size>
	<segmented>0</segmented>
	<object>
		<name>tshirt</name>
		<pose>Unspecified</pose>
		<truncated>0</truncated>
		<difficult>0</difficult>
		<occluded>0</occluded>
		<bndbox>
			<xmin>35</xmin>
			<xmax>631</xmax>
			<ymin>19</ymin>
			<ymax>626</ymax>
		</bndbox>
	</object>
</annotation>
