<annotation>
	<folder></folder>
	<filename>IMG_2449_jpeg.rf.a53d71fac7abf4651060458563a02909.jpg</filename>
	<path>IMG_2449_jpeg.rf.a53d71fac7abf4651060458563a02909.jpg</path>
	<source>
		<database>roboflow.com</database>
	</source>
	<size>
		<width>640</width>
		<height>640</height>
		<depth>3</depth>
	</size>
	<segmented>0</segmented>
	<object>
		<name>tshirt</name>
		<pose>Unspecified</pose>
		<truncated>0</truncated>
		<difficult>0</difficult>
		<occluded>0</occluded>
		<bndbox>
			<xmin>1</xmin>
			<xmax>619</xmax>
			<ymin>90</ymin>
			<ymax>621</ymax>
		</bndbox>
	</object>
</annotation>
