<annotation>
	<folder></folder>
	<filename>IMG_2423_jpeg.rf.4236f5a43df52356d26bccbca2ad78b3.jpg</filename>
	<path>IMG_2423_jpeg.rf.4236f5a43df52356d26bccbca2ad78b3.jpg</path>
	<source>
		<database>roboflow.com</database>
	</source>
	<size>
		<width>640</width>
		<height>640</height>
		<depth>3</depth>
	</size>
	<segmented>0</segmented>
	<object>
		<name>tshirt</name>
		<pose>Unspecified</pose>
		<truncated>0</truncated>
		<difficult>0</difficult>
		<occluded>0</occluded>
		<bndbox>
			<xmin>3</xmin>
			<xmax>601</xmax>
			<ymin>106</ymin>
			<ymax>631</ymax>
		</bndbox>
	</object>
</annotation>
