<annotation>
	<folder></folder>
	<filename>IMG_2540_jpeg.rf.43d9ca2d49f5405d74509b042f062bfd.jpg</filename>
	<path>IMG_2540_jpeg.rf.43d9ca2d49f5405d74509b042f062bfd.jpg</path>
	<source>
		<database>roboflow.com</database>
	</source>
	<size>
		<width>640</width>
		<height>640</height>
		<depth>3</depth>
	</size>
	<segmented>0</segmented>
	<object>
		<name>ball</name>
		<pose>Unspecified</pose>
		<truncated>0</truncated>
		<difficult>0</difficult>
		<occluded>0</occluded>
		<bndbox>
			<xmin>122</xmin>
			<xmax>540</xmax>
			<ymin>160</ymin>
			<ymax>420</ymax>
		</bndbox>
	</object>
</annotation>
