<annotation>
	<folder></folder>
	<filename>IMG_2494_jpeg.rf.d1f4ca992f543a91520cdea5f9d216b0.jpg</filename>
	<path>IMG_2494_jpeg.rf.d1f4ca992f543a91520cdea5f9d216b0.jpg</path>
	<source>
		<database>roboflow.com</database>
	</source>
	<size>
		<width>640</width>
		<height>640</height>
		<depth>3</depth>
	</size>
	<segmented>0</segmented>
	<object>
		<name>ball</name>
		<pose>Unspecified</pose>
		<truncated>0</truncated>
		<difficult>0</difficult>
		<occluded>0</occluded>
		<bndbox>
			<xmin>117</xmin>
			<xmax>465</xmax>
			<ymin>184</ymin>
			<ymax>478</ymax>
		</bndbox>
	</object>
</annotation>
