<annotation>
	<folder></folder>
	<filename>IMG_2466_jpeg.rf.abdb9c3e48b0f923018432ba0b2e947d.jpg</filename>
	<path>IMG_2466_jpeg.rf.abdb9c3e48b0f923018432ba0b2e947d.jpg</path>
	<source>
		<database>roboflow.com</database>
	</source>
	<size>
		<width>640</width>
		<height>640</height>
		<depth>3</depth>
	</size>
	<segmented>0</segmented>
	<object>
		<name>vaccum cleaner</name>
		<pose>Unspecified</pose>
		<truncated>0</truncated>
		<difficult>0</difficult>
		<occluded>0</occluded>
		<bndbox>
			<xmin>79</xmin>
			<xmax>492</xmax>
			<ymin>5</ymin>
			<ymax>622</ymax>
		</bndbox>
	</object>
</annotation>
