<annotation>
	<folder></folder>
	<filename>IMG_2518_jpeg.rf.1857d080fb62de632c0f0f2b0ecb2308.jpg</filename>
	<path>IMG_2518_jpeg.rf.1857d080fb62de632c0f0f2b0ecb2308.jpg</path>
	<source>
		<database>roboflow.com</database>
	</source>
	<size>
		<width>640</width>
		<height>640</height>
		<depth>3</depth>
	</size>
	<segmented>0</segmented>
	<object>
		<name>ball</name>
		<pose>Unspecified</pose>
		<truncated>0</truncated>
		<difficult>0</difficult>
		<occluded>0</occluded>
		<bndbox>
			<xmin>139</xmin>
			<xmax>563</xmax>
			<ymin>79</ymin>
			<ymax>572</ymax>
		</bndbox>
	</object>
</annotation>
