<annotation>
	<folder></folder>
	<filename>IMG_2426_jpeg.rf.68d2da27ef62b81eb794f834c14f7d21.jpg</filename>
	<path>IMG_2426_jpeg.rf.68d2da27ef62b81eb794f834c14f7d21.jpg</path>
	<source>
		<database>roboflow.com</database>
	</source>
	<size>
		<width>640</width>
		<height>640</height>
		<depth>3</depth>
	</size>
	<segmented>0</segmented>
	<object>
		<name>tshirt</name>
		<pose>Unspecified</pose>
		<truncated>0</truncated>
		<difficult>0</difficult>
		<occluded>0</occluded>
		<bndbox>
			<xmin>10</xmin>
			<xmax>636</xmax>
			<ymin>76</ymin>
			<ymax>633</ymax>
		</bndbox>
	</object>
</annotation>
