<annotation>
	<folder></folder>
	<filename>IMG_2419_jpeg.rf.80a34f2c95bf814de3e627d2e6a3170a.jpg</filename>
	<path>IMG_2419_jpeg.rf.80a34f2c95bf814de3e627d2e6a3170a.jpg</path>
	<source>
		<database>roboflow.com</database>
	</source>
	<size>
		<width>640</width>
		<height>640</height>
		<depth>3</depth>
	</size>
	<segmented>0</segmented>
	<object>
		<name>tshirt</name>
		<pose>Unspecified</pose>
		<truncated>0</truncated>
		<difficult>0</difficult>
		<occluded>0</occluded>
		<bndbox>
			<xmin>12</xmin>
			<xmax>597</xmax>
			<ymin>52</ymin>
			<ymax>628</ymax>
		</bndbox>
	</object>
</annotation>
