<annotation>
	<folder></folder>
	<filename>IMG_2432_jpeg.rf.d0ef174eea476280f792e3a8678760b2.jpg</filename>
	<path>IMG_2432_jpeg.rf.d0ef174eea476280f792e3a8678760b2.jpg</path>
	<source>
		<database>roboflow.com</database>
	</source>
	<size>
		<width>640</width>
		<height>640</height>
		<depth>3</depth>
	</size>
	<segmented>0</segmented>
	<object>
		<name>tshirt</name>
		<pose>Unspecified</pose>
		<truncated>0</truncated>
		<difficult>0</difficult>
		<occluded>0</occluded>
		<bndbox>
			<xmin>16</xmin>
			<xmax>641</xmax>
			<ymin>50</ymin>
			<ymax>623</ymax>
		</bndbox>
	</object>
</annotation>
