<annotation>
	<folder></folder>
	<filename>IMG_2543_jpeg.rf.6c43afc96b4725d5b070c3e385ea6f00.jpg</filename>
	<path>IMG_2543_jpeg.rf.6c43afc96b4725d5b070c3e385ea6f00.jpg</path>
	<source>
		<database>roboflow.com</database>
	</source>
	<size>
		<width>640</width>
		<height>640</height>
		<depth>3</depth>
	</size>
	<segmented>0</segmented>
	<object>
		<name>ball</name>
		<pose>Unspecified</pose>
		<truncated>0</truncated>
		<difficult>0</difficult>
		<occluded>0</occluded>
		<bndbox>
			<xmin>31</xmin>
			<xmax>616</xmax>
			<ymin>149</ymin>
			<ymax>444</ymax>
		</bndbox>
	</object>
</annotation>
