<annotation>
	<folder></folder>
	<filename>IMG_2468_jpeg.rf.85d38979abbb85b90ec0250c2f2c8d30.jpg</filename>
	<path>IMG_2468_jpeg.rf.85d38979abbb85b90ec0250c2f2c8d30.jpg</path>
	<source>
		<database>roboflow.com</database>
	</source>
	<size>
		<width>640</width>
		<height>640</height>
		<depth>3</depth>
	</size>
	<segmented>0</segmented>
	<object>
		<name>vaccum cleaner</name>
		<pose>Unspecified</pose>
		<truncated>0</truncated>
		<difficult>0</difficult>
		<occluded>0</occluded>
		<bndbox>
			<xmin>149</xmin>
			<xmax>513</xmax>
			<ymin>1</ymin>
			<ymax>627</ymax>
		</bndbox>
	</object>
</annotation>
