<annotation>
	<folder></folder>
	<filename>IMG_2548_jpeg.rf.ee2e17521a8f1d874cf3cc313995d67d.jpg</filename>
	<path>IMG_2548_jpeg.rf.ee2e17521a8f1d874cf3cc313995d67d.jpg</path>
	<source>
		<database>roboflow.com</database>
	</source>
	<size>
		<width>640</width>
		<height>640</height>
		<depth>3</depth>
	</size>
	<segmented>0</segmented>
	<object>
		<name>vaccum cleaner</name>
		<pose>Unspecified</pose>
		<truncated>0</truncated>
		<difficult>0</difficult>
		<occluded>0</occluded>
		<bndbox>
			<xmin>154</xmin>
			<xmax>439</xmax>
			<ymin>62</ymin>
			<ymax>554</ymax>
		</bndbox>
	</object>
</annotation>
