<annotation>
	<folder></folder>
	<filename>IMG_2386_jpeg.rf.5e70fa3870f48db396b09fad1644c62d.jpg</filename>
	<path>IMG_2386_jpeg.rf.5e70fa3870f48db396b09fad1644c62d.jpg</path>
	<source>
		<database>roboflow.com</database>
	</source>
	<size>
		<width>640</width>
		<height>640</height>
		<depth>3</depth>
	</size>
	<segmented>0</segmented>
	<object>
		<name>tshirt</name>
		<pose>Unspecified</pose>
		<truncated>0</truncated>
		<difficult>0</difficult>
		<occluded>0</occluded>
		<bndbox>
			<xmin>22</xmin>
			<xmax>619</xmax>
			<ymin>76</ymin>
			<ymax>598</ymax>
		</bndbox>
	</object>
</annotation>
