<annotation>
	<folder></folder>
	<filename>IMG_2382_jpeg.rf.6166e10561be31e6057748fea027a9ad.jpg</filename>
	<path>IMG_2382_jpeg.rf.6166e10561be31e6057748fea027a9ad.jpg</path>
	<source>
		<database>roboflow.com</database>
	</source>
	<size>
		<width>640</width>
		<height>640</height>
		<depth>3</depth>
	</size>
	<segmented>0</segmented>
	<object>
		<name>tshirt</name>
		<pose>Unspecified</pose>
		<truncated>0</truncated>
		<difficult>0</difficult>
		<occluded>0</occluded>
		<bndbox>
			<xmin>48</xmin>
			<xmax>584</xmax>
			<ymin>109</ymin>
			<ymax>634</ymax>
		</bndbox>
	</object>
</annotation>
