<annotation>
	<folder></folder>
	<filename>IMG_2409_jpeg.rf.00239f78ba510f309e1940b622d912a2.jpg</filename>
	<path>IMG_2409_jpeg.rf.00239f78ba510f309e1940b622d912a2.jpg</path>
	<source>
		<database>roboflow.com</database>
	</source>
	<size>
		<width>640</width>
		<height>640</height>
		<depth>3</depth>
	</size>
	<segmented>0</segmented>
	<object>
		<name>tshirt</name>
		<pose>Unspecified</pose>
		<truncated>0</truncated>
		<difficult>0</difficult>
		<occluded>0</occluded>
		<bndbox>
			<xmin>77</xmin>
			<xmax>555</xmax>
			<ymin>69</ymin>
			<ymax>610</ymax>
		</bndbox>
	</object>
</annotation>
