<annotation>
	<folder></folder>
	<filename>IMG_2445_jpeg.rf.b437c0a685da13e4b7fa0b88aabd4c37.jpg</filename>
	<path>IMG_2445_jpeg.rf.b437c0a685da13e4b7fa0b88aabd4c37.jpg</path>
	<source>
		<database>roboflow.com</database>
	</source>
	<size>
		<width>640</width>
		<height>640</height>
		<depth>3</depth>
	</size>
	<segmented>0</segmented>
	<object>
		<name>tshirt</name>
		<pose>Unspecified</pose>
		<truncated>0</truncated>
		<difficult>0</difficult>
		<occluded>0</occluded>
		<bndbox>
			<xmin>12</xmin>
			<xmax>598</xmax>
			<ymin>91</ymin>
			<ymax>560</ymax>
		</bndbox>
	</object>
</annotation>
