<annotation>
	<folder></folder>
	<filename>IMG_2514_jpeg.rf.0c3faf6603a483e7dcbee0cb4db6567a.jpg</filename>
	<path>IMG_2514_jpeg.rf.0c3faf6603a483e7dcbee0cb4db6567a.jpg</path>
	<source>
		<database>roboflow.com</database>
	</source>
	<size>
		<width>640</width>
		<height>640</height>
		<depth>3</depth>
	</size>
	<segmented>0</segmented>
	<object>
		<name>ball</name>
		<pose>Unspecified</pose>
		<truncated>0</truncated>
		<difficult>0</difficult>
		<occluded>0</occluded>
		<bndbox>
			<xmin>48</xmin>
			<xmax>576</xmax>
			<ymin>123</ymin>
			<ymax>510</ymax>
		</bndbox>
	</object>
</annotation>
