<annotation>
	<folder></folder>
	<filename>IMG_2454_jpeg.rf.5dfe0125c428660a03833cb6df52c4cb.jpg</filename>
	<path>IMG_2454_jpeg.rf.5dfe0125c428660a03833cb6df52c4cb.jpg</path>
	<source>
		<database>roboflow.com</database>
	</source>
	<size>
		<width>640</width>
		<height>640</height>
		<depth>3</depth>
	</size>
	<segmented>0</segmented>
	<object>
		<name>vaccum cleaner</name>
		<pose>Unspecified</pose>
		<truncated>0</truncated>
		<difficult>0</difficult>
		<occluded>0</occluded>
		<bndbox>
			<xmin>302</xmin>
			<xmax>566</xmax>
			<ymin>23</ymin>
			<ymax>641</ymax>
		</bndbox>
	</object>
	<object>
		<name>vaccum cleaner</name>
		<pose>Unspecified</pose>
		<truncated>0</truncated>
		<difficult>0</difficult>
		<occluded>0</occluded>
		<bndbox>
			<xmin>62</xmin>
			<xmax>302</xmax>
			<ymin>163</ymin>
			<ymax>342</ymax>
		</bndbox>
	</object>
	<object>
		<name>vaccum cleaner</name>
		<pose>Unspecified</pose>
		<truncated>0</truncated>
		<difficult>0</difficult>
		<occluded>0</occluded>
		<bndbox>
			<xmin>1</xmin>
			<xmax>272</xmax>
			<ymin>352</ymin>
			<ymax>623</ymax>
		</bndbox>
	</object>
</annotation>
