<annotation>
	<folder></folder>
	<filename>IMG_2515_jpeg.rf.b4a8c1d516cafec40994f4e0d63724d9.jpg</filename>
	<path>IMG_2515_jpeg.rf.b4a8c1d516cafec40994f4e0d63724d9.jpg</path>
	<source>
		<database>roboflow.com</database>
	</source>
	<size>
		<width>640</width>
		<height>640</height>
		<depth>3</depth>
	</size>
	<segmented>0</segmented>
	<object>
		<name>ball</name>
		<pose>Unspecified</pose>
		<truncated>0</truncated>
		<difficult>0</difficult>
		<occluded>0</occluded>
		<bndbox>
			<xmin>111</xmin>
			<xmax>578</xmax>
			<ymin>174</ymin>
			<ymax>512</ymax>
		</bndbox>
	</object>
</annotation>
