<annotation>
	<folder></folder>
	<filename>IMG_2481_jpeg.rf.71524d751460c59e4a2c687094651862.jpg</filename>
	<path>IMG_2481_jpeg.rf.71524d751460c59e4a2c687094651862.jpg</path>
	<source>
		<database>roboflow.com</database>
	</source>
	<size>
		<width>640</width>
		<height>640</height>
		<depth>3</depth>
	</size>
	<segmented>0</segmented>
	<object>
		<name>tshirt</name>
		<pose>Unspecified</pose>
		<truncated>0</truncated>
		<difficult>0</difficult>
		<occluded>0</occluded>
		<bndbox>
			<xmin>287</xmin>
			<xmax>448</xmax>
			<ymin>261</ymin>
			<ymax>414</ymax>
		</bndbox>
	</object>
	<object>
		<name>vaccum cleaner</name>
		<pose>Unspecified</pose>
		<truncated>0</truncated>
		<difficult>0</difficult>
		<occluded>0</occluded>
		<bndbox>
			<xmin>143</xmin>
			<xmax>326</xmax>
			<ymin>338</ymin>
			<ymax>577</ymax>
		</bndbox>
	</object>
</annotation>
