<annotation>
	<folder></folder>
	<filename>IMG_2556_jpeg.rf.9ec59df0afb518ab48787bd4bc7520c6.jpg</filename>
	<path>IMG_2556_jpeg.rf.9ec59df0afb518ab48787bd4bc7520c6.jpg</path>
	<source>
		<database>roboflow.com</database>
	</source>
	<size>
		<width>640</width>
		<height>640</height>
		<depth>3</depth>
	</size>
	<segmented>0</segmented>
	<object>
		<name>vaccum cleaner</name>
		<pose>Unspecified</pose>
		<truncated>0</truncated>
		<difficult>0</difficult>
		<occluded>0</occluded>
		<bndbox>
			<xmin>116</xmin>
			<xmax>447</xmax>
			<ymin>33</ymin>
			<ymax>619</ymax>
		</bndbox>
	</object>
</annotation>
