<annotation>
	<folder></folder>
	<filename>IMG_2523_jpeg.rf.9aefc54461aebc8c859827a0c1c4dcfc.jpg</filename>
	<path>IMG_2523_jpeg.rf.9aefc54461aebc8c859827a0c1c4dcfc.jpg</path>
	<source>
		<database>roboflow.com</database>
	</source>
	<size>
		<width>640</width>
		<height>640</height>
		<depth>3</depth>
	</size>
	<segmented>0</segmented>
	<object>
		<name>ball</name>
		<pose>Unspecified</pose>
		<truncated>0</truncated>
		<difficult>0</difficult>
		<occluded>0</occluded>
		<bndbox>
			<xmin>31</xmin>
			<xmax>607</xmax>
			<ymin>112</ymin>
			<ymax>544</ymax>
		</bndbox>
	</object>
</annotation>
