<annotation>
	<folder></folder>
	<filename>IMG_2374_jpeg.rf.865ab2d8a5d0d4beac6a37c5a046ad50.jpg</filename>
	<path>IMG_2374_jpeg.rf.865ab2d8a5d0d4beac6a37c5a046ad50.jpg</path>
	<source>
		<database>roboflow.com</database>
	</source>
	<size>
		<width>640</width>
		<height>640</height>
		<depth>3</depth>
	</size>
	<segmented>0</segmented>
	<object>
		<name>tshirt</name>
		<pose>Unspecified</pose>
		<truncated>0</truncated>
		<difficult>0</difficult>
		<occluded>0</occluded>
		<bndbox>
			<xmin>14</xmin>
			<xmax>311</xmax>
			<ymin>190</ymin>
			<ymax>501</ymax>
		</bndbox>
	</object>
	<object>
		<name>tshirt</name>
		<pose>Unspecified</pose>
		<truncated>0</truncated>
		<difficult>0</difficult>
		<occluded>0</occluded>
		<bndbox>
			<xmin>302</xmin>
			<xmax>635</xmax>
			<ymin>176</ymin>
			<ymax>470</ymax>
		</bndbox>
	</object>
</annotation>
