<annotation>
	<folder></folder>
	<filename>IMG_2376_jpeg.rf.1ed0b34539a737d097d9fb49b9fef42c.jpg</filename>
	<path>IMG_2376_jpeg.rf.1ed0b34539a737d097d9fb49b9fef42c.jpg</path>
	<source>
		<database>roboflow.com</database>
	</source>
	<size>
		<width>640</width>
		<height>640</height>
		<depth>3</depth>
	</size>
	<segmented>0</segmented>
	<object>
		<name>tshirt</name>
		<pose>Unspecified</pose>
		<truncated>0</truncated>
		<difficult>0</difficult>
		<occluded>0</occluded>
		<bndbox>
			<xmin>39</xmin>
			<xmax>605</xmax>
			<ymin>138</ymin>
			<ymax>599</ymax>
		</bndbox>
	</object>
</annotation>
