<annotation>
	<folder></folder>
	<filename>IMG_2565_jpeg.rf.ae1bce5c2c1d6e1f67233e39c5073bbc.jpg</filename>
	<path>IMG_2565_jpeg.rf.ae1bce5c2c1d6e1f67233e39c5073bbc.jpg</path>
	<source>
		<database>roboflow.com</database>
	</source>
	<size>
		<width>640</width>
		<height>640</height>
		<depth>3</depth>
	</size>
	<segmented>0</segmented>
	<object>
		<name>ball</name>
		<pose>Unspecified</pose>
		<truncated>0</truncated>
		<difficult>0</difficult>
		<occluded>0</occluded>
		<bndbox>
			<xmin>54</xmin>
			<xmax>607</xmax>
			<ymin>154</ymin>
			<ymax>468</ymax>
		</bndbox>
	</object>
</annotation>
