<annotation>
	<folder></folder>
	<filename>IMG_2495_jpeg.rf.963ec87e39ca1c5cd68e0140c76a1af8.jpg</filename>
	<path>IMG_2495_jpeg.rf.963ec87e39ca1c5cd68e0140c76a1af8.jpg</path>
	<source>
		<database>roboflow.com</database>
	</source>
	<size>
		<width>640</width>
		<height>640</height>
		<depth>3</depth>
	</size>
	<segmented>0</segmented>
	<object>
		<name>ball</name>
		<pose>Unspecified</pose>
		<truncated>0</truncated>
		<difficult>0</difficult>
		<occluded>0</occluded>
		<bndbox>
			<xmin>202</xmin>
			<xmax>508</xmax>
			<ymin>244</ymin>
			<ymax>471</ymax>
		</bndbox>
	</object>
</annotation>
