<annotation>
	<folder></folder>
	<filename>IMG_2398_jpeg.rf.5ce56af8c79aa6c08045774d7ea2e278.jpg</filename>
	<path>IMG_2398_jpeg.rf.5ce56af8c79aa6c08045774d7ea2e278.jpg</path>
	<source>
		<database>roboflow.com</database>
	</source>
	<size>
		<width>640</width>
		<height>640</height>
		<depth>3</depth>
	</size>
	<segmented>0</segmented>
	<object>
		<name>tshirt</name>
		<pose>Unspecified</pose>
		<truncated>0</truncated>
		<difficult>0</difficult>
		<occluded>0</occluded>
		<bndbox>
			<xmin>29</xmin>
			<xmax>607</xmax>
			<ymin>55</ymin>
			<ymax>611</ymax>
		</bndbox>
	</object>
</annotation>
