<annotation>
	<folder></folder>
	<filename>IMG_2459_jpeg.rf.1156c0bfd7fa39c1a98167dccd2baedb.jpg</filename>
	<path>IMG_2459_jpeg.rf.1156c0bfd7fa39c1a98167dccd2baedb.jpg</path>
	<source>
		<database>roboflow.com</database>
	</source>
	<size>
		<width>640</width>
		<height>640</height>
		<depth>3</depth>
	</size>
	<segmented>0</segmented>
	<object>
		<name>vaccum cleaner</name>
		<pose>Unspecified</pose>
		<truncated>0</truncated>
		<difficult>0</difficult>
		<occluded>0</occluded>
		<bndbox>
			<xmin>160</xmin>
			<xmax>383</xmax>
			<ymin>1</ymin>
			<ymax>620</ymax>
		</bndbox>
	</object>
</annotation>
