<annotation>
	<folder></folder>
	<filename>IMG_2553_jpeg.rf.3aef5876e22f5ff940f5a4a6e98348b2.jpg</filename>
	<path>IMG_2553_jpeg.rf.3aef5876e22f5ff940f5a4a6e98348b2.jpg</path>
	<source>
		<database>roboflow.com</database>
	</source>
	<size>
		<width>640</width>
		<height>640</height>
		<depth>3</depth>
	</size>
	<segmented>0</segmented>
	<object>
		<name>vaccum cleaner</name>
		<pose>Unspecified</pose>
		<truncated>0</truncated>
		<difficult>0</difficult>
		<occluded>0</occluded>
		<bndbox>
			<xmin>97</xmin>
			<xmax>408</xmax>
			<ymin>23</ymin>
			<ymax>622</ymax>
		</bndbox>
	</object>
</annotation>
