<annotation>
	<folder></folder>
	<filename>IMG_2393_jpeg.rf.5f94b1feeab566ccbea9d29580d3d44d.jpg</filename>
	<path>IMG_2393_jpeg.rf.5f94b1feeab566ccbea9d29580d3d44d.jpg</path>
	<source>
		<database>roboflow.com</database>
	</source>
	<size>
		<width>640</width>
		<height>640</height>
		<depth>3</depth>
	</size>
	<segmented>0</segmented>
	<object>
		<name>tshirt</name>
		<pose>Unspecified</pose>
		<truncated>0</truncated>
		<difficult>0</difficult>
		<occluded>0</occluded>
		<bndbox>
			<xmin>63</xmin>
			<xmax>603</xmax>
			<ymin>116</ymin>
			<ymax>608</ymax>
		</bndbox>
	</object>
</annotation>
