<annotation>
	<folder></folder>
	<filename>IMG_2417_jpeg.rf.5cfd77310ffca71b9b22accac18159f9.jpg</filename>
	<path>IMG_2417_jpeg.rf.5cfd77310ffca71b9b22accac18159f9.jpg</path>
	<source>
		<database>roboflow.com</database>
	</source>
	<size>
		<width>640</width>
		<height>640</height>
		<depth>3</depth>
	</size>
	<segmented>0</segmented>
	<object>
		<name>tshirt</name>
		<pose>Unspecified</pose>
		<truncated>0</truncated>
		<difficult>0</difficult>
		<occluded>0</occluded>
		<bndbox>
			<xmin>7</xmin>
			<xmax>634</xmax>
			<ymin>39</ymin>
			<ymax>640</ymax>
		</bndbox>
	</object>
</annotation>
