<annotation>
	<folder></folder>
	<filename>IMG_2435_jpeg.rf.7d8082dce8f7188ef8783f96e516ed4c.jpg</filename>
	<path>IMG_2435_jpeg.rf.7d8082dce8f7188ef8783f96e516ed4c.jpg</path>
	<source>
		<database>roboflow.com</database>
	</source>
	<size>
		<width>640</width>
		<height>640</height>
		<depth>3</depth>
	</size>
	<segmented>0</segmented>
	<object>
		<name>tshirt</name>
		<pose>Unspecified</pose>
		<truncated>0</truncated>
		<difficult>0</difficult>
		<occluded>0</occluded>
		<bndbox>
			<xmin>12</xmin>
			<xmax>639</xmax>
			<ymin>24</ymin>
			<ymax>630</ymax>
		</bndbox>
	</object>
</annotation>
