<annotation>
	<folder></folder>
	<filename>IMG_2530_jpeg.rf.81dd3eadc6804e22beded05cd80f15a9.jpg</filename>
	<path>IMG_2530_jpeg.rf.81dd3eadc6804e22beded05cd80f15a9.jpg</path>
	<source>
		<database>roboflow.com</database>
	</source>
	<size>
		<width>640</width>
		<height>640</height>
		<depth>3</depth>
	</size>
	<segmented>0</segmented>
	<object>
		<name>vaccum cleaner</name>
		<pose>Unspecified</pose>
		<truncated>0</truncated>
		<difficult>0</difficult>
		<occluded>0</occluded>
		<bndbox>
			<xmin>200</xmin>
			<xmax>429</xmax>
			<ymin>57</ymin>
			<ymax>547</ymax>
		</bndbox>
	</object>
</annotation>
