<annotation>
	<folder></folder>
	<filename>IMG_2436_jpeg.rf.5351e197b8e305d7630c5f6b3d7aa50f.jpg</filename>
	<path>IMG_2436_jpeg.rf.5351e197b8e305d7630c5f6b3d7aa50f.jpg</path>
	<source>
		<database>roboflow.com</database>
	</source>
	<size>
		<width>640</width>
		<height>640</height>
		<depth>3</depth>
	</size>
	<segmented>0</segmented>
	<object>
		<name>tshirt</name>
		<pose>Unspecified</pose>
		<truncated>0</truncated>
		<difficult>0</difficult>
		<occluded>0</occluded>
		<bndbox>
			<xmin>12</xmin>
			<xmax>637</xmax>
			<ymin>36</ymin>
			<ymax>606</ymax>
		</bndbox>
	</object>
</annotation>
