<annotation>
	<folder></folder>
	<filename>IMG_2379_jpeg.rf.2260a03ec896bb2ca786e8a0138e8d94.jpg</filename>
	<path>IMG_2379_jpeg.rf.2260a03ec896bb2ca786e8a0138e8d94.jpg</path>
	<source>
		<database>roboflow.com</database>
	</source>
	<size>
		<width>640</width>
		<height>640</height>
		<depth>3</depth>
	</size>
	<segmented>0</segmented>
	<object>
		<name>tshirt</name>
		<pose>Unspecified</pose>
		<truncated>0</truncated>
		<difficult>0</difficult>
		<occluded>0</occluded>
		<bndbox>
			<xmin>124</xmin>
			<xmax>581</xmax>
			<ymin>100</ymin>
			<ymax>551</ymax>
		</bndbox>
	</object>
</annotation>
