<annotation>
	<folder></folder>
	<filename>IMG_2370_jpeg.rf.4dd4220f5ee1466085c858e4056c504e.jpg</filename>
	<path>IMG_2370_jpeg.rf.4dd4220f5ee1466085c858e4056c504e.jpg</path>
	<source>
		<database>roboflow.com</database>
	</source>
	<size>
		<width>640</width>
		<height>640</height>
		<depth>3</depth>
	</size>
	<segmented>0</segmented>
	<object>
		<name>tshirt</name>
		<pose>Unspecified</pose>
		<truncated>0</truncated>
		<difficult>0</difficult>
		<occluded>0</occluded>
		<bndbox>
			<xmin>41</xmin>
			<xmax>612</xmax>
			<ymin>112</ymin>
			<ymax>622</ymax>
		</bndbox>
	</object>
</annotation>
