<annotation>
	<folder></folder>
	<filename>IMG_2408_jpeg.rf.3d75660ba2b3ce34e4ef9702abe6f95a.jpg</filename>
	<path>IMG_2408_jpeg.rf.3d75660ba2b3ce34e4ef9702abe6f95a.jpg</path>
	<source>
		<database>roboflow.com</database>
	</source>
	<size>
		<width>640</width>
		<height>640</height>
		<depth>3</depth>
	</size>
	<segmented>0</segmented>
	<object>
		<name>tshirt</name>
		<pose>Unspecified</pose>
		<truncated>0</truncated>
		<difficult>0</difficult>
		<occluded>0</occluded>
		<bndbox>
			<xmin>18</xmin>
			<xmax>584</xmax>
			<ymin>72</ymin>
			<ymax>575</ymax>
		</bndbox>
	</object>
</annotation>
