<annotation>
	<folder></folder>
	<filename>IMG_2551_jpeg.rf.4cc8e914b25180404c5878c18c0c7889.jpg</filename>
	<path>IMG_2551_jpeg.rf.4cc8e914b25180404c5878c18c0c7889.jpg</path>
	<source>
		<database>roboflow.com</database>
	</source>
	<size>
		<width>640</width>
		<height>640</height>
		<depth>3</depth>
	</size>
	<segmented>0</segmented>
	<object>
		<name>vaccum cleaner</name>
		<pose>Unspecified</pose>
		<truncated>0</truncated>
		<difficult>0</difficult>
		<occluded>0</occluded>
		<bndbox>
			<xmin>192</xmin>
			<xmax>427</xmax>
			<ymin>3</ymin>
			<ymax>638</ymax>
		</bndbox>
	</object>
</annotation>
