<annotation>
	<folder></folder>
	<filename>IMG_2372_jpeg.rf.35305b5cea61a0f11af8e5cc11fe9bb6.jpg</filename>
	<path>IMG_2372_jpeg.rf.35305b5cea61a0f11af8e5cc11fe9bb6.jpg</path>
	<source>
		<database>roboflow.com</database>
	</source>
	<size>
		<width>640</width>
		<height>640</height>
		<depth>3</depth>
	</size>
	<segmented>0</segmented>
	<object>
		<name>tshirt</name>
		<pose>Unspecified</pose>
		<truncated>0</truncated>
		<difficult>0</difficult>
		<occluded>0</occluded>
		<bndbox>
			<xmin>10</xmin>
			<xmax>608</xmax>
			<ymin>47</ymin>
			<ymax>632</ymax>
		</bndbox>
	</object>
</annotation>
