<annotation>
	<folder></folder>
	<filename>IMG_2526_jpeg.rf.8b177819e995bb2a3c495b8dcac97599.jpg</filename>
	<path>IMG_2526_jpeg.rf.8b177819e995bb2a3c495b8dcac97599.jpg</path>
	<source>
		<database>roboflow.com</database>
	</source>
	<size>
		<width>640</width>
		<height>640</height>
		<depth>3</depth>
	</size>
	<segmented>0</segmented>
	<object>
		<name>ball</name>
		<pose>Unspecified</pose>
		<truncated>0</truncated>
		<difficult>0</difficult>
		<occluded>0</occluded>
		<bndbox>
			<xmin>113</xmin>
			<xmax>485</xmax>
			<ymin>25</ymin>
			<ymax>311</ymax>
		</bndbox>
	</object>
	<object>
		<name>ball</name>
		<pose>Unspecified</pose>
		<truncated>0</truncated>
		<difficult>0</difficult>
		<occluded>0</occluded>
		<bndbox>
			<xmin>124</xmin>
			<xmax>468</xmax>
			<ymin>285</ymin>
			<ymax>555</ymax>
		</bndbox>
	</object>
</annotation>
