<annotation>
	<folder></folder>
	<filename>IMG_2430_jpeg.rf.8f73093173aa6c19d2137c9d95425696.jpg</filename>
	<path>IMG_2430_jpeg.rf.8f73093173aa6c19d2137c9d95425696.jpg</path>
	<source>
		<database>roboflow.com</database>
	</source>
	<size>
		<width>640</width>
		<height>640</height>
		<depth>3</depth>
	</size>
	<segmented>0</segmented>
	<object>
		<name>tshirt</name>
		<pose>Unspecified</pose>
		<truncated>0</truncated>
		<difficult>0</difficult>
		<occluded>0</occluded>
		<bndbox>
			<xmin>33</xmin>
			<xmax>604</xmax>
			<ymin>31</ymin>
			<ymax>614</ymax>
		</bndbox>
	</object>
</annotation>
