<annotation>
	<folder></folder>
	<filename>IMG_2424_jpeg.rf.2fa7ec68f6e6c97a80c2a6a5b76ce5f8.jpg</filename>
	<path>IMG_2424_jpeg.rf.2fa7ec68f6e6c97a80c2a6a5b76ce5f8.jpg</path>
	<source>
		<database>roboflow.com</database>
	</source>
	<size>
		<width>640</width>
		<height>640</height>
		<depth>3</depth>
	</size>
	<segmented>0</segmented>
	<object>
		<name>tshirt</name>
		<pose>Unspecified</pose>
		<truncated>0</truncated>
		<difficult>0</difficult>
		<occluded>0</occluded>
		<bndbox>
			<xmin>60</xmin>
			<xmax>571</xmax>
			<ymin>39</ymin>
			<ymax>641</ymax>
		</bndbox>
	</object>
</annotation>
