<annotation>
	<folder></folder>
	<filename>IMG_2465_jpeg.rf.dc66ef3e05a658e4fed2dedac8dab312.jpg</filename>
	<path>IMG_2465_jpeg.rf.dc66ef3e05a658e4fed2dedac8dab312.jpg</path>
	<source>
		<database>roboflow.com</database>
	</source>
	<size>
		<width>640</width>
		<height>640</height>
		<depth>3</depth>
	</size>
	<segmented>0</segmented>
	<object>
		<name>vaccum cleaner</name>
		<pose>Unspecified</pose>
		<truncated>0</truncated>
		<difficult>0</difficult>
		<occluded>0</occluded>
		<bndbox>
			<xmin>118</xmin>
			<xmax>498</xmax>
			<ymin>7</ymin>
			<ymax>641</ymax>
		</bndbox>
	</object>
</annotation>
