<annotation>
	<folder></folder>
	<filename>IMG_2544_jpeg.rf.b99eee362ba9653a96ff3709e37d25cc.jpg</filename>
	<path>IMG_2544_jpeg.rf.b99eee362ba9653a96ff3709e37d25cc.jpg</path>
	<source>
		<database>roboflow.com</database>
	</source>
	<size>
		<width>640</width>
		<height>640</height>
		<depth>3</depth>
	</size>
	<segmented>0</segmented>
	<object>
		<name>ball</name>
		<pose>Unspecified</pose>
		<truncated>0</truncated>
		<difficult>0</difficult>
		<occluded>0</occluded>
		<bndbox>
			<xmin>145</xmin>
			<xmax>507</xmax>
			<ymin>135</ymin>
			<ymax>429</ymax>
		</bndbox>
	</object>
</annotation>
