<annotation>
	<folder></folder>
	<filename>IMG_2452_jpeg.rf.a1e8991009d71c4c73cea27c4fbb1319.jpg</filename>
	<path>IMG_2452_jpeg.rf.a1e8991009d71c4c73cea27c4fbb1319.jpg</path>
	<source>
		<database>roboflow.com</database>
	</source>
	<size>
		<width>640</width>
		<height>640</height>
		<depth>3</depth>
	</size>
	<segmented>0</segmented>
	<object>
		<name>tshirt</name>
		<pose>Unspecified</pose>
		<truncated>0</truncated>
		<difficult>0</difficult>
		<occluded>0</occluded>
		<bndbox>
			<xmin>5</xmin>
			<xmax>300</xmax>
			<ymin>249</ymin>
			<ymax>575</ymax>
		</bndbox>
	</object>
	<object>
		<name>tshirt</name>
		<pose>Unspecified</pose>
		<truncated>0</truncated>
		<difficult>0</difficult>
		<occluded>0</occluded>
		<bndbox>
			<xmin>310</xmin>
			<xmax>629</xmax>
			<ymin>255</ymin>
			<ymax>589</ymax>
		</bndbox>
	</object>
</annotation>
