<annotation>
	<folder></folder>
	<filename>IMG_2446_jpeg.rf.3f1d037cbd5cf1163d4504f1624ec8ff.jpg</filename>
	<path>IMG_2446_jpeg.rf.3f1d037cbd5cf1163d4504f1624ec8ff.jpg</path>
	<source>
		<database>roboflow.com</database>
	</source>
	<size>
		<width>640</width>
		<height>640</height>
		<depth>3</depth>
	</size>
	<segmented>0</segmented>
	<object>
		<name>tshirt</name>
		<pose>Unspecified</pose>
		<truncated>0</truncated>
		<difficult>0</difficult>
		<occluded>0</occluded>
		<bndbox>
			<xmin>1</xmin>
			<xmax>404</xmax>
			<ymin>117</ymin>
			<ymax>617</ymax>
		</bndbox>
	</object>
	<object>
		<name>tshirt</name>
		<pose>Unspecified</pose>
		<truncated>0</truncated>
		<difficult>0</difficult>
		<occluded>0</occluded>
		<bndbox>
			<xmin>376</xmin>
			<xmax>628</xmax>
			<ymin>95</ymin>
			<ymax>510</ymax>
		</bndbox>
	</object>
</annotation>
