<annotation>
	<folder></folder>
	<filename>IMG_2473_jpeg.rf.60acb957468e2bcc3da214e828202768.jpg</filename>
	<path>IMG_2473_jpeg.rf.60acb957468e2bcc3da214e828202768.jpg</path>
	<source>
		<database>roboflow.com</database>
	</source>
	<size>
		<width>640</width>
		<height>640</height>
		<depth>3</depth>
	</size>
	<segmented>0</segmented>
	<object>
		<name>vaccum cleaner</name>
		<pose>Unspecified</pose>
		<truncated>0</truncated>
		<difficult>0</difficult>
		<occluded>0</occluded>
		<bndbox>
			<xmin>224</xmin>
			<xmax>441</xmax>
			<ymin>1</ymin>
			<ymax>640</ymax>
		</bndbox>
	</object>
</annotation>
