<annotation>
	<folder></folder>
	<filename>IMG_2498_jpeg.rf.9bc8936aedb7ec5700569606ba452abc.jpg</filename>
	<path>IMG_2498_jpeg.rf.9bc8936aedb7ec5700569606ba452abc.jpg</path>
	<source>
		<database>roboflow.com</database>
	</source>
	<size>
		<width>640</width>
		<height>640</height>
		<depth>3</depth>
	</size>
	<segmented>0</segmented>
	<object>
		<name>ball</name>
		<pose>Unspecified</pose>
		<truncated>0</truncated>
		<difficult>0</difficult>
		<occluded>0</occluded>
		<bndbox>
			<xmin>217</xmin>
			<xmax>493</xmax>
			<ymin>58</ymin>
			<ymax>266</ymax>
		</bndbox>
	</object>
	<object>
		<name>ball</name>
		<pose>Unspecified</pose>
		<truncated>0</truncated>
		<difficult>0</difficult>
		<occluded>0</occluded>
		<bndbox>
			<xmin>210</xmin>
			<xmax>461</xmax>
			<ymin>241</ymin>
			<ymax>437</ymax>
		</bndbox>
	</object>
	<object>
		<name>ball</name>
		<pose>Unspecified</pose>
		<truncated>0</truncated>
		<difficult>0</difficult>
		<occluded>0</occluded>
		<bndbox>
			<xmin>221</xmin>
			<xmax>451</xmax>
			<ymin>419</ymin>
			<ymax>578</ymax>
		</bndbox>
	</object>
</annotation>
