<annotation>
	<folder></folder>
	<filename>IMG_2420_jpeg.rf.13955cb2dd099b562ab53466d74cf86d.jpg</filename>
	<path>IMG_2420_jpeg.rf.13955cb2dd099b562ab53466d74cf86d.jpg</path>
	<source>
		<database>roboflow.com</database>
	</source>
	<size>
		<width>640</width>
		<height>640</height>
		<depth>3</depth>
	</size>
	<segmented>0</segmented>
	<object>
		<name>tshirt</name>
		<pose>Unspecified</pose>
		<truncated>0</truncated>
		<difficult>0</difficult>
		<occluded>0</occluded>
		<bndbox>
			<xmin>1</xmin>
			<xmax>625</xmax>
			<ymin>17</ymin>
			<ymax>587</ymax>
		</bndbox>
	</object>
</annotation>
