<annotation>
	<folder></folder>
	<filename>IMG_2405_jpeg.rf.4f65f359365c8e572276b859063c3f9f.jpg</filename>
	<path>IMG_2405_jpeg.rf.4f65f359365c8e572276b859063c3f9f.jpg</path>
	<source>
		<database>roboflow.com</database>
	</source>
	<size>
		<width>640</width>
		<height>640</height>
		<depth>3</depth>
	</size>
	<segmented>0</segmented>
	<object>
		<name>tshirt</name>
		<pose>Unspecified</pose>
		<truncated>0</truncated>
		<difficult>0</difficult>
		<occluded>0</occluded>
		<bndbox>
			<xmin>24</xmin>
			<xmax>632</xmax>
			<ymin>54</ymin>
			<ymax>638</ymax>
		</bndbox>
	</object>
</annotation>
