<annotation>
	<folder></folder>
	<filename>IMG_2479_jpeg.rf.b55c06754805da1d95c769a2d3fc4162.jpg</filename>
	<path>IMG_2479_jpeg.rf.b55c06754805da1d95c769a2d3fc4162.jpg</path>
	<source>
		<database>roboflow.com</database>
	</source>
	<size>
		<width>640</width>
		<height>640</height>
		<depth>3</depth>
	</size>
	<segmented>0</segmented>
	<object>
		<name>tshirt</name>
		<pose>Unspecified</pose>
		<truncated>0</truncated>
		<difficult>0</difficult>
		<occluded>0</occluded>
		<bndbox>
			<xmin>209</xmin>
			<xmax>401</xmax>
			<ymin>153</ymin>
			<ymax>296</ymax>
		</bndbox>
	</object>
	<object>
		<name>vaccum cleaner</name>
		<pose>Unspecified</pose>
		<truncated>0</truncated>
		<difficult>0</difficult>
		<occluded>0</occluded>
		<bndbox>
			<xmin>139</xmin>
			<xmax>302</xmax>
			<ymin>271</ymin>
			<ymax>533</ymax>
		</bndbox>
	</object>
</annotation>
