<annotation>
	<folder></folder>
	<filename>IMG_2457_jpeg.rf.571dde8f0938c7fdce59e164277c100a.jpg</filename>
	<path>IMG_2457_jpeg.rf.571dde8f0938c7fdce59e164277c100a.jpg</path>
	<source>
		<database>roboflow.com</database>
	</source>
	<size>
		<width>640</width>
		<height>640</height>
		<depth>3</depth>
	</size>
	<segmented>0</segmented>
	<object>
		<name>vaccum cleaner</name>
		<pose>Unspecified</pose>
		<truncated>0</truncated>
		<difficult>0</difficult>
		<occluded>0</occluded>
		<bndbox>
			<xmin>211</xmin>
			<xmax>447</xmax>
			<ymin>14</ymin>
			<ymax>634</ymax>
		</bndbox>
	</object>
	<object>
		<name>vaccum cleaner</name>
		<pose>Unspecified</pose>
		<truncated>0</truncated>
		<difficult>0</difficult>
		<occluded>0</occluded>
		<bndbox>
			<xmin>1</xmin>
			<xmax>165</xmax>
			<ymin>27</ymin>
			<ymax>636</ymax>
		</bndbox>
	</object>
</annotation>
