<annotation>
	<folder></folder>
	<filename>IMG_2456_jpeg.rf.f80e4dc2af21f0527de5c6ca27d221fd.jpg</filename>
	<path>IMG_2456_jpeg.rf.f80e4dc2af21f0527de5c6ca27d221fd.jpg</path>
	<source>
		<database>roboflow.com</database>
	</source>
	<size>
		<width>640</width>
		<height>640</height>
		<depth>3</depth>
	</size>
	<segmented>0</segmented>
	<object>
		<name>vaccum cleaner</name>
		<pose>Unspecified</pose>
		<truncated>0</truncated>
		<difficult>0</difficult>
		<occluded>0</occluded>
		<bndbox>
			<xmin>29</xmin>
			<xmax>201</xmax>
			<ymin>152</ymin>
			<ymax>552</ymax>
		</bndbox>
	</object>
	<object>
		<name>vaccum cleaner</name>
		<pose>Unspecified</pose>
		<truncated>0</truncated>
		<difficult>0</difficult>
		<occluded>0</occluded>
		<bndbox>
			<xmin>215</xmin>
			<xmax>420</xmax>
			<ymin>150</ymin>
			<ymax>550</ymax>
		</bndbox>
	</object>
	<object>
		<name>vaccum cleaner</name>
		<pose>Unspecified</pose>
		<truncated>0</truncated>
		<difficult>0</difficult>
		<occluded>0</occluded>
		<bndbox>
			<xmin>439</xmin>
			<xmax>641</xmax>
			<ymin>119</ymin>
			<ymax>636</ymax>
		</bndbox>
	</object>
</annotation>
