<annotation>
	<folder></folder>
	<filename>IMG_2402_jpeg.rf.2efdff18d0c382e9af1206d6fb65baf3.jpg</filename>
	<path>IMG_2402_jpeg.rf.2efdff18d0c382e9af1206d6fb65baf3.jpg</path>
	<source>
		<database>roboflow.com</database>
	</source>
	<size>
		<width>640</width>
		<height>640</height>
		<depth>3</depth>
	</size>
	<segmented>0</segmented>
	<object>
		<name>tshirt</name>
		<pose>Unspecified</pose>
		<truncated>0</truncated>
		<difficult>0</difficult>
		<occluded>0</occluded>
		<bndbox>
			<xmin>64</xmin>
			<xmax>609</xmax>
			<ymin>60</ymin>
			<ymax>598</ymax>
		</bndbox>
	</object>
</annotation>
