<annotation>
	<folder></folder>
	<filename>IMG_2482_jpeg.rf.76e084d7f9a17490539889d6d8dfabcb.jpg</filename>
	<path>IMG_2482_jpeg.rf.76e084d7f9a17490539889d6d8dfabcb.jpg</path>
	<source>
		<database>roboflow.com</database>
	</source>
	<size>
		<width>640</width>
		<height>640</height>
		<depth>3</depth>
	</size>
	<segmented>0</segmented>
	<object>
		<name>ball</name>
		<pose>Unspecified</pose>
		<truncated>0</truncated>
		<difficult>0</difficult>
		<occluded>0</occluded>
		<bndbox>
			<xmin>103</xmin>
			<xmax>548</xmax>
			<ymin>147</ymin>
			<ymax>503</ymax>
		</bndbox>
	</object>
</annotation>
