<annotation>
	<folder></folder>
	<filename>IMG_2516_jpeg.rf.4ed8f572760ce1d4ad95ca60833a5f05.jpg</filename>
	<path>IMG_2516_jpeg.rf.4ed8f572760ce1d4ad95ca60833a5f05.jpg</path>
	<source>
		<database>roboflow.com</database>
	</source>
	<size>
		<width>640</width>
		<height>640</height>
		<depth>3</depth>
	</size>
	<segmented>0</segmented>
	<object>
		<name>ball</name>
		<pose>Unspecified</pose>
		<truncated>0</truncated>
		<difficult>0</difficult>
		<occluded>0</occluded>
		<bndbox>
			<xmin>98</xmin>
			<xmax>526</xmax>
			<ymin>228</ymin>
			<ymax>587</ymax>
		</bndbox>
	</object>
</annotation>
