<annotation>
	<folder></folder>
	<filename>IMG_2529_jpeg.rf.41bb64640006ff3541e585bba42338e6.jpg</filename>
	<path>IMG_2529_jpeg.rf.41bb64640006ff3541e585bba42338e6.jpg</path>
	<source>
		<database>roboflow.com</database>
	</source>
	<size>
		<width>640</width>
		<height>640</height>
		<depth>3</depth>
	</size>
	<segmented>0</segmented>
	<object>
		<name>vaccum cleaner</name>
		<pose>Unspecified</pose>
		<truncated>0</truncated>
		<difficult>0</difficult>
		<occluded>0</occluded>
		<bndbox>
			<xmin>289</xmin>
			<xmax>492</xmax>
			<ymin>114</ymin>
			<ymax>611</ymax>
		</bndbox>
	</object>
</annotation>
