<annotation>
	<folder></folder>
	<filename>IMG_2413_jpeg.rf.181927f64789d84f3ae1c7ca1727d1bd.jpg</filename>
	<path>IMG_2413_jpeg.rf.181927f64789d84f3ae1c7ca1727d1bd.jpg</path>
	<source>
		<database>roboflow.com</database>
	</source>
	<size>
		<width>640</width>
		<height>640</height>
		<depth>3</depth>
	</size>
	<segmented>0</segmented>
	<object>
		<name>tshirt</name>
		<pose>Unspecified</pose>
		<truncated>0</truncated>
		<difficult>0</difficult>
		<occluded>0</occluded>
		<bndbox>
			<xmin>44</xmin>
			<xmax>594</xmax>
			<ymin>7</ymin>
			<ymax>602</ymax>
		</bndbox>
	</object>
</annotation>
