<annotation>
	<folder></folder>
	<filename>IMG_2401_jpeg.rf.42d383a6a8e4074f55fe30ca9f5ea5a5.jpg</filename>
	<path>IMG_2401_jpeg.rf.42d383a6a8e4074f55fe30ca9f5ea5a5.jpg</path>
	<source>
		<database>roboflow.com</database>
	</source>
	<size>
		<width>640</width>
		<height>640</height>
		<depth>3</depth>
	</size>
	<segmented>0</segmented>
	<object>
		<name>tshirt</name>
		<pose>Unspecified</pose>
		<truncated>0</truncated>
		<difficult>0</difficult>
		<occluded>0</occluded>
		<bndbox>
			<xmin>12</xmin>
			<xmax>635</xmax>
			<ymin>101</ymin>
			<ymax>636</ymax>
		</bndbox>
	</object>
</annotation>
