<annotation>
	<folder></folder>
	<filename>IMG_2383_jpeg.rf.8e7d759f31f76b8a7ddebc9f2717d0a5.jpg</filename>
	<path>IMG_2383_jpeg.rf.8e7d759f31f76b8a7ddebc9f2717d0a5.jpg</path>
	<source>
		<database>roboflow.com</database>
	</source>
	<size>
		<width>640</width>
		<height>640</height>
		<depth>3</depth>
	</size>
	<segmented>0</segmented>
	<object>
		<name>tshirt</name>
		<pose>Unspecified</pose>
		<truncated>0</truncated>
		<difficult>0</difficult>
		<occluded>0</occluded>
		<bndbox>
			<xmin>63</xmin>
			<xmax>586</xmax>
			<ymin>161</ymin>
			<ymax>633</ymax>
		</bndbox>
	</object>
</annotation>
