<annotation>
	<folder></folder>
	<filename>IMG_2448_jpeg.rf.33b3e6a1493dd4a803772e44c88a2753.jpg</filename>
	<path>IMG_2448_jpeg.rf.33b3e6a1493dd4a803772e44c88a2753.jpg</path>
	<source>
		<database>roboflow.com</database>
	</source>
	<size>
		<width>640</width>
		<height>640</height>
		<depth>3</depth>
	</size>
	<segmented>0</segmented>
	<object>
		<name>tshirt</name>
		<pose>Unspecified</pose>
		<truncated>0</truncated>
		<difficult>0</difficult>
		<occluded>0</occluded>
		<bndbox>
			<xmin>24</xmin>
			<xmax>602</xmax>
			<ymin>77</ymin>
			<ymax>587</ymax>
		</bndbox>
	</object>
</annotation>
