<annotation>
	<folder></folder>
	<filename>IMG_2533_jpeg.rf.94495276635740455ce02f3a7423442d.jpg</filename>
	<path>IMG_2533_jpeg.rf.94495276635740455ce02f3a7423442d.jpg</path>
	<source>
		<database>roboflow.com</database>
	</source>
	<size>
		<width>640</width>
		<height>640</height>
		<depth>3</depth>
	</size>
	<segmented>0</segmented>
	<object>
		<name>ball</name>
		<pose>Unspecified</pose>
		<truncated>0</truncated>
		<difficult>0</difficult>
		<occluded>0</occluded>
		<bndbox>
			<xmin>29</xmin>
			<xmax>612</xmax>
			<ymin>128</ymin>
			<ymax>531</ymax>
		</bndbox>
	</object>
</annotation>
