<annotation>
	<folder></folder>
	<filename>IMG_2431_jpeg.rf.afebca10ff23ee6bfb41d3e50f2c9241.jpg</filename>
	<path>IMG_2431_jpeg.rf.afebca10ff23ee6bfb41d3e50f2c9241.jpg</path>
	<source>
		<database>roboflow.com</database>
	</source>
	<size>
		<width>640</width>
		<height>640</height>
		<depth>3</depth>
	</size>
	<segmented>0</segmented>
	<object>
		<name>tshirt</name>
		<pose>Unspecified</pose>
		<truncated>0</truncated>
		<difficult>0</difficult>
		<occluded>0</occluded>
		<bndbox>
			<xmin>33</xmin>
			<xmax>631</xmax>
			<ymin>9</ymin>
			<ymax>588</ymax>
		</bndbox>
	</object>
</annotation>
