<annotation>
	<folder></folder>
	<filename>IMG_2427_jpeg.rf.55de0e38e8245784dc00a137d7aa0bb3.jpg</filename>
	<path>IMG_2427_jpeg.rf.55de0e38e8245784dc00a137d7aa0bb3.jpg</path>
	<source>
		<database>roboflow.com</database>
	</source>
	<size>
		<width>640</width>
		<height>640</height>
		<depth>3</depth>
	</size>
	<segmented>0</segmented>
	<object>
		<name>tshirt</name>
		<pose>Unspecified</pose>
		<truncated>0</truncated>
		<difficult>0</difficult>
		<occluded>0</occluded>
		<bndbox>
			<xmin>10</xmin>
			<xmax>636</xmax>
			<ymin>39</ymin>
			<ymax>625</ymax>
		</bndbox>
	</object>
</annotation>
