<annotation>
	<folder></folder>
	<filename>IMG_2509_jpeg.rf.7e18fa7676cf133a50bafef09df69926.jpg</filename>
	<path>IMG_2509_jpeg.rf.7e18fa7676cf133a50bafef09df69926.jpg</path>
	<source>
		<database>roboflow.com</database>
	</source>
	<size>
		<width>640</width>
		<height>640</height>
		<depth>3</depth>
	</size>
	<segmented>0</segmented>
	<object>
		<name>ball</name>
		<pose>Unspecified</pose>
		<truncated>0</truncated>
		<difficult>0</difficult>
		<occluded>0</occluded>
		<bndbox>
			<xmin>30</xmin>
			<xmax>641</xmax>
			<ymin>151</ymin>
			<ymax>588</ymax>
		</bndbox>
	</object>
</annotation>
