<annotation>
	<folder></folder>
	<filename>IMG_2410_jpeg.rf.a27526a53a86140693612b5104e2dbd6.jpg</filename>
	<path>IMG_2410_jpeg.rf.a27526a53a86140693612b5104e2dbd6.jpg</path>
	<source>
		<database>roboflow.com</database>
	</source>
	<size>
		<width>640</width>
		<height>640</height>
		<depth>3</depth>
	</size>
	<segmented>0</segmented>
	<object>
		<name>tshirt</name>
		<pose>Unspecified</pose>
		<truncated>0</truncated>
		<difficult>0</difficult>
		<occluded>0</occluded>
		<bndbox>
			<xmin>96</xmin>
			<xmax>579</xmax>
			<ymin>66</ymin>
			<ymax>610</ymax>
		</bndbox>
	</object>
</annotation>
