<annotation>
	<folder></folder>
	<filename>IMG_2437_jpeg.rf.c4157976a1a90cb4777be71d531191af.jpg</filename>
	<path>IMG_2437_jpeg.rf.c4157976a1a90cb4777be71d531191af.jpg</path>
	<source>
		<database>roboflow.com</database>
	</source>
	<size>
		<width>640</width>
		<height>640</height>
		<depth>3</depth>
	</size>
	<segmented>0</segmented>
	<object>
		<name>tshirt</name>
		<pose>Unspecified</pose>
		<truncated>0</truncated>
		<difficult>0</difficult>
		<occluded>0</occluded>
		<bndbox>
			<xmin>35</xmin>
			<xmax>621</xmax>
			<ymin>57</ymin>
			<ymax>593</ymax>
		</bndbox>
	</object>
</annotation>
