<annotation>
	<folder></folder>
	<filename>IMG_2371_jpeg.rf.d195c7c2acbe99ca4ae2b7e9faa6993e.jpg</filename>
	<path>IMG_2371_jpeg.rf.d195c7c2acbe99ca4ae2b7e9faa6993e.jpg</path>
	<source>
		<database>roboflow.com</database>
	</source>
	<size>
		<width>640</width>
		<height>640</height>
		<depth>3</depth>
	</size>
	<segmented>0</segmented>
	<object>
		<name>tshirt</name>
		<pose>Unspecified</pose>
		<truncated>0</truncated>
		<difficult>0</difficult>
		<occluded>0</occluded>
		<bndbox>
			<xmin>35</xmin>
			<xmax>632</xmax>
			<ymin>6</ymin>
			<ymax>641</ymax>
		</bndbox>
	</object>
</annotation>
