<annotation>
	<folder></folder>
	<filename>IMG_2414_jpeg.rf.4f69ef2aeca1c3027d2260ede6468c6e.jpg</filename>
	<path>IMG_2414_jpeg.rf.4f69ef2aeca1c3027d2260ede6468c6e.jpg</path>
	<source>
		<database>roboflow.com</database>
	</source>
	<size>
		<width>640</width>
		<height>640</height>
		<depth>3</depth>
	</size>
	<segmented>0</segmented>
	<object>
		<name>tshirt</name>
		<pose>Unspecified</pose>
		<truncated>0</truncated>
		<difficult>0</difficult>
		<occluded>0</occluded>
		<bndbox>
			<xmin>54</xmin>
			<xmax>612</xmax>
			<ymin>23</ymin>
			<ymax>570</ymax>
		</bndbox>
	</object>
</annotation>
