<annotation>
	<folder></folder>
	<filename>IMG_2399_jpeg.rf.3a57a328b32d0dc8273f1123afd0d65a.jpg</filename>
	<path>IMG_2399_jpeg.rf.3a57a328b32d0dc8273f1123afd0d65a.jpg</path>
	<source>
		<database>roboflow.com</database>
	</source>
	<size>
		<width>640</width>
		<height>640</height>
		<depth>3</depth>
	</size>
	<segmented>0</segmented>
	<object>
		<name>tshirt</name>
		<pose>Unspecified</pose>
		<truncated>0</truncated>
		<difficult>0</difficult>
		<occluded>0</occluded>
		<bndbox>
			<xmin>16</xmin>
			<xmax>598</xmax>
			<ymin>26</ymin>
			<ymax>612</ymax>
		</bndbox>
	</object>
</annotation>
