<annotation>
	<folder></folder>
	<filename>IMG_2489_jpeg.rf.3129dedb33db28fdb689ba8e922fedb3.jpg</filename>
	<path>IMG_2489_jpeg.rf.3129dedb33db28fdb689ba8e922fedb3.jpg</path>
	<source>
		<database>roboflow.com</database>
	</source>
	<size>
		<width>640</width>
		<height>640</height>
		<depth>3</depth>
	</size>
	<segmented>0</segmented>
	<object>
		<name>ball</name>
		<pose>Unspecified</pose>
		<truncated>0</truncated>
		<difficult>0</difficult>
		<occluded>0</occluded>
		<bndbox>
			<xmin>77</xmin>
			<xmax>608</xmax>
			<ymin>244</ymin>
			<ymax>472</ymax>
		</bndbox>
	</object>
</annotation>
