<annotation>
	<folder></folder>
	<filename>IMG_2513_jpeg.rf.f0307774719fb8af8a7567ebbf9e065a.jpg</filename>
	<path>IMG_2513_jpeg.rf.f0307774719fb8af8a7567ebbf9e065a.jpg</path>
	<source>
		<database>roboflow.com</database>
	</source>
	<size>
		<width>640</width>
		<height>640</height>
		<depth>3</depth>
	</size>
	<segmented>0</segmented>
	<object>
		<name>ball</name>
		<pose>Unspecified</pose>
		<truncated>0</truncated>
		<difficult>0</difficult>
		<occluded>0</occluded>
		<bndbox>
			<xmin>86</xmin>
			<xmax>606</xmax>
			<ymin>117</ymin>
			<ymax>511</ymax>
		</bndbox>
	</object>
</annotation>
