<annotation>
	<folder></folder>
	<filename>IMG_2394_jpeg.rf.84c04dfde580a96c5f91f24e0c43ef9a.jpg</filename>
	<path>IMG_2394_jpeg.rf.84c04dfde580a96c5f91f24e0c43ef9a.jpg</path>
	<source>
		<database>roboflow.com</database>
	</source>
	<size>
		<width>640</width>
		<height>640</height>
		<depth>3</depth>
	</size>
	<segmented>0</segmented>
	<object>
		<name>tshirt</name>
		<pose>Unspecified</pose>
		<truncated>0</truncated>
		<difficult>0</difficult>
		<occluded>0</occluded>
		<bndbox>
			<xmin>39</xmin>
			<xmax>615</xmax>
			<ymin>50</ymin>
			<ymax>625</ymax>
		</bndbox>
	</object>
</annotation>
