<annotation>
	<folder></folder>
	<filename>IMG_2403_jpeg.rf.bfdc3e04cadd821010b52b260054cd58.jpg</filename>
	<path>IMG_2403_jpeg.rf.bfdc3e04cadd821010b52b260054cd58.jpg</path>
	<source>
		<database>roboflow.com</database>
	</source>
	<size>
		<width>640</width>
		<height>640</height>
		<depth>3</depth>
	</size>
	<segmented>0</segmented>
	<object>
		<name>tshirt</name>
		<pose>Unspecified</pose>
		<truncated>0</truncated>
		<difficult>0</difficult>
		<occluded>0</occluded>
		<bndbox>
			<xmin>60</xmin>
			<xmax>588</xmax>
			<ymin>80</ymin>
			<ymax>598</ymax>
		</bndbox>
	</object>
</annotation>
