<annotation>
	<folder></folder>
	<filename>IMG_2429_jpeg.rf.8fd0cdbdb6c2f283f41153c1fd043ee9.jpg</filename>
	<path>IMG_2429_jpeg.rf.8fd0cdbdb6c2f283f41153c1fd043ee9.jpg</path>
	<source>
		<database>roboflow.com</database>
	</source>
	<size>
		<width>640</width>
		<height>640</height>
		<depth>3</depth>
	</size>
	<segmented>0</segmented>
	<object>
		<name>tshirt</name>
		<pose>Unspecified</pose>
		<truncated>0</truncated>
		<difficult>0</difficult>
		<occluded>0</occluded>
		<bndbox>
			<xmin>33</xmin>
			<xmax>580</xmax>
			<ymin>18</ymin>
			<ymax>641</ymax>
		</bndbox>
	</object>
</annotation>
