<annotation>
	<folder></folder>
	<filename>IMG_2563_jpeg.rf.1be5fe957d8770e1da5d0d7dfac1cf81.jpg</filename>
	<path>IMG_2563_jpeg.rf.1be5fe957d8770e1da5d0d7dfac1cf81.jpg</path>
	<source>
		<database>roboflow.com</database>
	</source>
	<size>
		<width>640</width>
		<height>640</height>
		<depth>3</depth>
	</size>
	<segmented>0</segmented>
	<object>
		<name>vaccum cleaner</name>
		<pose>Unspecified</pose>
		<truncated>0</truncated>
		<difficult>0</difficult>
		<occluded>0</occluded>
		<bndbox>
			<xmin>12</xmin>
			<xmax>632</xmax>
			<ymin>174</ymin>
			<ymax>433</ymax>
		</bndbox>
	</object>
</annotation>
