<annotation>
	<folder></folder>
	<filename>IMG_2547_jpeg.rf.745691902ab707d2dbbb588a683723a7.jpg</filename>
	<path>IMG_2547_jpeg.rf.745691902ab707d2dbbb588a683723a7.jpg</path>
	<source>
		<database>roboflow.com</database>
	</source>
	<size>
		<width>640</width>
		<height>640</height>
		<depth>3</depth>
	</size>
	<segmented>0</segmented>
	<object>
		<name>vaccum cleaner</name>
		<pose>Unspecified</pose>
		<truncated>0</truncated>
		<difficult>0</difficult>
		<occluded>0</occluded>
		<bndbox>
			<xmin>172</xmin>
			<xmax>404</xmax>
			<ymin>11</ymin>
			<ymax>623</ymax>
		</bndbox>
	</object>
</annotation>
