<annotation>
	<folder></folder>
	<filename>IMG_2396_jpeg.rf.68240bfe549d2cbbb2f2d8a1f87f4617.jpg</filename>
	<path>IMG_2396_jpeg.rf.68240bfe549d2cbbb2f2d8a1f87f4617.jpg</path>
	<source>
		<database>roboflow.com</database>
	</source>
	<size>
		<width>640</width>
		<height>640</height>
		<depth>3</depth>
	</size>
	<segmented>0</segmented>
	<object>
		<name>tshirt</name>
		<pose>Unspecified</pose>
		<truncated>0</truncated>
		<difficult>0</difficult>
		<occluded>0</occluded>
		<bndbox>
			<xmin>54</xmin>
			<xmax>569</xmax>
			<ymin>96</ymin>
			<ymax>556</ymax>
		</bndbox>
	</object>
</annotation>
