<annotation>
	<folder></folder>
	<filename>IMG_2486_jpeg.rf.3c577ac787233b6ac852e4c772171daf.jpg</filename>
	<path>IMG_2486_jpeg.rf.3c577ac787233b6ac852e4c772171daf.jpg</path>
	<source>
		<database>roboflow.com</database>
	</source>
	<size>
		<width>640</width>
		<height>640</height>
		<depth>3</depth>
	</size>
	<segmented>0</segmented>
	<object>
		<name>ball</name>
		<pose>Unspecified</pose>
		<truncated>0</truncated>
		<difficult>0</difficult>
		<occluded>0</occluded>
		<bndbox>
			<xmin>48</xmin>
			<xmax>620</xmax>
			<ymin>241</ymin>
			<ymax>518</ymax>
		</bndbox>
	</object>
</annotation>
