<annotation>
	<folder></folder>
	<filename>IMG_2377_jpeg.rf.a8083fdc240a9f218c2e345c0153aa38.jpg</filename>
	<path>IMG_2377_jpeg.rf.a8083fdc240a9f218c2e345c0153aa38.jpg</path>
	<source>
		<database>roboflow.com</database>
	</source>
	<size>
		<width>640</width>
		<height>640</height>
		<depth>3</depth>
	</size>
	<segmented>0</segmented>
	<object>
		<name>tshirt</name>
		<pose>Unspecified</pose>
		<truncated>0</truncated>
		<difficult>0</difficult>
		<occluded>0</occluded>
		<bndbox>
			<xmin>41</xmin>
			<xmax>601</xmax>
			<ymin>111</ymin>
			<ymax>627</ymax>
		</bndbox>
	</object>
</annotation>
