<annotation>
	<folder></folder>
	<filename>IMG_2532_jpeg.rf.42de81b66a1a6c812669891b460b8666.jpg</filename>
	<path>IMG_2532_jpeg.rf.42de81b66a1a6c812669891b460b8666.jpg</path>
	<source>
		<database>roboflow.com</database>
	</source>
	<size>
		<width>640</width>
		<height>640</height>
		<depth>3</depth>
	</size>
	<segmented>0</segmented>
	<object>
		<name>vaccum cleaner</name>
		<pose>Unspecified</pose>
		<truncated>0</truncated>
		<difficult>0</difficult>
		<occluded>0</occluded>
		<bndbox>
			<xmin>196</xmin>
			<xmax>469</xmax>
			<ymin>28</ymin>
			<ymax>641</ymax>
		</bndbox>
	</object>
</annotation>
