<annotation>
	<folder></folder>
	<filename>IMG_2416_jpeg.rf.e20203f7db068ba475dd1bfacbdefa88.jpg</filename>
	<path>IMG_2416_jpeg.rf.e20203f7db068ba475dd1bfacbdefa88.jpg</path>
	<source>
		<database>roboflow.com</database>
	</source>
	<size>
		<width>640</width>
		<height>640</height>
		<depth>3</depth>
	</size>
	<segmented>0</segmented>
	<object>
		<name>tshirt</name>
		<pose>Unspecified</pose>
		<truncated>0</truncated>
		<difficult>0</difficult>
		<occluded>0</occluded>
		<bndbox>
			<xmin>5</xmin>
			<xmax>633</xmax>
			<ymin>34</ymin>
			<ymax>630</ymax>
		</bndbox>
	</object>
</annotation>
