<annotation>
	<folder></folder>
	<filename>IMG_2502_jpeg.rf.67e2baea78ea73d506d63995619026df.jpg</filename>
	<path>IMG_2502_jpeg.rf.67e2baea78ea73d506d63995619026df.jpg</path>
	<source>
		<database>roboflow.com</database>
	</source>
	<size>
		<width>640</width>
		<height>640</height>
		<depth>3</depth>
	</size>
	<segmented>0</segmented>
	<object>
		<name>ball</name>
		<pose>Unspecified</pose>
		<truncated>0</truncated>
		<difficult>0</difficult>
		<occluded>0</occluded>
		<bndbox>
			<xmin>12</xmin>
			<xmax>275</xmax>
			<ymin>182</ymin>
			<ymax>377</ymax>
		</bndbox>
	</object>
	<object>
		<name>ball</name>
		<pose>Unspecified</pose>
		<truncated>0</truncated>
		<difficult>0</difficult>
		<occluded>0</occluded>
		<bndbox>
			<xmin>259</xmin>
			<xmax>552</xmax>
			<ymin>152</ymin>
			<ymax>371</ymax>
		</bndbox>
	</object>
	<object>
		<name>ball</name>
		<pose>Unspecified</pose>
		<truncated>0</truncated>
		<difficult>0</difficult>
		<occluded>0</occluded>
		<bndbox>
			<xmin>24</xmin>
			<xmax>287</xmax>
			<ymin>361</ymin>
			<ymax>567</ymax>
		</bndbox>
	</object>
	<object>
		<name>ball</name>
		<pose>Unspecified</pose>
		<truncated>0</truncated>
		<difficult>0</difficult>
		<occluded>0</occluded>
		<bndbox>
			<xmin>259</xmin>
			<xmax>593</xmax>
			<ymin>349</ymin>
			<ymax>579</ymax>
		</bndbox>
	</object>
</annotation>
