<annotation>
	<folder></folder>
	<filename>IMG_2519_jpeg.rf.44234ff1f11c015cff9f6250374d099c.jpg</filename>
	<path>IMG_2519_jpeg.rf.44234ff1f11c015cff9f6250374d099c.jpg</path>
	<source>
		<database>roboflow.com</database>
	</source>
	<size>
		<width>640</width>
		<height>640</height>
		<depth>3</depth>
	</size>
	<segmented>0</segmented>
	<object>
		<name>ball</name>
		<pose>Unspecified</pose>
		<truncated>0</truncated>
		<difficult>0</difficult>
		<occluded>0</occluded>
		<bndbox>
			<xmin>75</xmin>
			<xmax>556</xmax>
			<ymin>138</ymin>
			<ymax>508</ymax>
		</bndbox>
	</object>
</annotation>
