<annotation>
	<folder></folder>
	<filename>IMG_2531_jpeg.rf.3198ef86fbfe790e284023c3993fd50f.jpg</filename>
	<path>IMG_2531_jpeg.rf.3198ef86fbfe790e284023c3993fd50f.jpg</path>
	<source>
		<database>roboflow.com</database>
	</source>
	<size>
		<width>640</width>
		<height>640</height>
		<depth>3</depth>
	</size>
	<segmented>0</segmented>
	<object>
		<name>vaccum cleaner</name>
		<pose>Unspecified</pose>
		<truncated>0</truncated>
		<difficult>0</difficult>
		<occluded>0</occluded>
		<bndbox>
			<xmin>20</xmin>
			<xmax>356</xmax>
			<ymin>15</ymin>
			<ymax>610</ymax>
		</bndbox>
	</object>
	<object>
		<name>vaccum cleaner</name>
		<pose>Unspecified</pose>
		<truncated>0</truncated>
		<difficult>0</difficult>
		<occluded>0</occluded>
		<bndbox>
			<xmin>390</xmin>
			<xmax>641</xmax>
			<ymin>92</ymin>
			<ymax>492</ymax>
		</bndbox>
	</object>
</annotation>
