<annotation>
	<folder></folder>
	<filename>IMG_2434_jpeg.rf.6ddeb6465c7e12201577db708f9afb59.jpg</filename>
	<path>IMG_2434_jpeg.rf.6ddeb6465c7e12201577db708f9afb59.jpg</path>
	<source>
		<database>roboflow.com</database>
	</source>
	<size>
		<width>640</width>
		<height>640</height>
		<depth>3</depth>
	</size>
	<segmented>0</segmented>
	<object>
		<name>tshirt</name>
		<pose>Unspecified</pose>
		<truncated>0</truncated>
		<difficult>0</difficult>
		<occluded>0</occluded>
		<bndbox>
			<xmin>20</xmin>
			<xmax>616</xmax>
			<ymin>114</ymin>
			<ymax>610</ymax>
		</bndbox>
	</object>
</annotation>
