<annotation>
	<folder></folder>
	<filename>IMG_2380_jpeg.rf.cde5c7b5fbadf435a49e4de9ed3e1ad8.jpg</filename>
	<path>IMG_2380_jpeg.rf.cde5c7b5fbadf435a49e4de9ed3e1ad8.jpg</path>
	<source>
		<database>roboflow.com</database>
	</source>
	<size>
		<width>640</width>
		<height>640</height>
		<depth>3</depth>
	</size>
	<segmented>0</segmented>
	<object>
		<name>tshirt</name>
		<pose>Unspecified</pose>
		<truncated>0</truncated>
		<difficult>0</difficult>
		<occluded>0</occluded>
		<bndbox>
			<xmin>29</xmin>
			<xmax>623</xmax>
			<ymin>79</ymin>
			<ymax>626</ymax>
		</bndbox>
	</object>
</annotation>
