<annotation>
	<folder></folder>
	<filename>IMG_2476_jpeg.rf.efa000686154c284e4f7deb46f9e3e2e.jpg</filename>
	<path>IMG_2476_jpeg.rf.efa000686154c284e4f7deb46f9e3e2e.jpg</path>
	<source>
		<database>roboflow.com</database>
	</source>
	<size>
		<width>640</width>
		<height>640</height>
		<depth>3</depth>
	</size>
	<segmented>0</segmented>
	<object>
		<name>vaccum cleaner</name>
		<pose>Unspecified</pose>
		<truncated>0</truncated>
		<difficult>0</difficult>
		<occluded>0</occluded>
		<bndbox>
			<xmin>175</xmin>
			<xmax>440</xmax>
			<ymin>25</ymin>
			<ymax>631</ymax>
		</bndbox>
	</object>
	<object>
		<name>vaccum cleaner</name>
		<pose>Unspecified</pose>
		<truncated>0</truncated>
		<difficult>0</difficult>
		<occluded>0</occluded>
		<bndbox>
			<xmin>5</xmin>
			<xmax>145</xmax>
			<ymin>50</ymin>
			<ymax>543</ymax>
		</bndbox>
	</object>
	<object>
		<name>vaccum cleaner</name>
		<pose>Unspecified</pose>
		<truncated>0</truncated>
		<difficult>0</difficult>
		<occluded>0</occluded>
		<bndbox>
			<xmin>457</xmin>
			<xmax>641</xmax>
			<ymin>22</ymin>
			<ymax>561</ymax>
		</bndbox>
	</object>
</annotation>
