<annotation>
	<folder></folder>
	<filename>IMG_2484_jpeg.rf.05f15a4844e5f8fdd8459b5d97cd9a0d.jpg</filename>
	<path>IMG_2484_jpeg.rf.05f15a4844e5f8fdd8459b5d97cd9a0d.jpg</path>
	<source>
		<database>roboflow.com</database>
	</source>
	<size>
		<width>640</width>
		<height>640</height>
		<depth>3</depth>
	</size>
	<segmented>0</segmented>
	<object>
		<name>ball</name>
		<pose>Unspecified</pose>
		<truncated>0</truncated>
		<difficult>0</difficult>
		<occluded>0</occluded>
		<bndbox>
			<xmin>162</xmin>
			<xmax>462</xmax>
			<ymin>237</ymin>
			<ymax>480</ymax>
		</bndbox>
	</object>
</annotation>
