<annotation>
	<folder></folder>
	<filename>IMG_2560_jpeg.rf.10edce5d4625a2dde127e484953ae9c2.jpg</filename>
	<path>IMG_2560_jpeg.rf.10edce5d4625a2dde127e484953ae9c2.jpg</path>
	<source>
		<database>roboflow.com</database>
	</source>
	<size>
		<width>640</width>
		<height>640</height>
		<depth>3</depth>
	</size>
	<segmented>0</segmented>
	<object>
		<name>vaccum cleaner</name>
		<pose>Unspecified</pose>
		<truncated>0</truncated>
		<difficult>0</difficult>
		<occluded>0</occluded>
		<bndbox>
			<xmin>202</xmin>
			<xmax>417</xmax>
			<ymin>4</ymin>
			<ymax>632</ymax>
		</bndbox>
	</object>
</annotation>
