<annotation>
	<folder></folder>
	<filename>IMG_2369_jpeg.rf.9d07469d1ab60358c88873afc694ee02.jpg</filename>
	<path>IMG_2369_jpeg.rf.9d07469d1ab60358c88873afc694ee02.jpg</path>
	<source>
		<database>roboflow.com</database>
	</source>
	<size>
		<width>640</width>
		<height>640</height>
		<depth>3</depth>
	</size>
	<segmented>0</segmented>
	<object>
		<name>tshirt</name>
		<pose>Unspecified</pose>
		<truncated>0</truncated>
		<difficult>0</difficult>
		<occluded>0</occluded>
		<bndbox>
			<xmin>39</xmin>
			<xmax>636</xmax>
			<ymin>111</ymin>
			<ymax>592</ymax>
		</bndbox>
	</object>
</annotation>
