<annotation>
	<folder></folder>
	<filename>IMG_2562_jpeg.rf.f2c9df013e6351b4137178a1c5411aec.jpg</filename>
	<path>IMG_2562_jpeg.rf.f2c9df013e6351b4137178a1c5411aec.jpg</path>
	<source>
		<database>roboflow.com</database>
	</source>
	<size>
		<width>640</width>
		<height>640</height>
		<depth>3</depth>
	</size>
	<segmented>0</segmented>
	<object>
		<name>vaccum cleaner</name>
		<pose>Unspecified</pose>
		<truncated>0</truncated>
		<difficult>0</difficult>
		<occluded>0</occluded>
		<bndbox>
			<xmin>111</xmin>
			<xmax>584</xmax>
			<ymin>4</ymin>
			<ymax>631</ymax>
		</bndbox>
	</object>
</annotation>
