<annotation>
	<folder></folder>
	<filename>IMG_2395_jpeg.rf.1453252da3fdc45faab7fabff8e8ff55.jpg</filename>
	<path>IMG_2395_jpeg.rf.1453252da3fdc45faab7fabff8e8ff55.jpg</path>
	<source>
		<database>roboflow.com</database>
	</source>
	<size>
		<width>640</width>
		<height>640</height>
		<depth>3</depth>
	</size>
	<segmented>0</segmented>
	<object>
		<name>tshirt</name>
		<pose>Unspecified</pose>
		<truncated>0</truncated>
		<difficult>0</difficult>
		<occluded>0</occluded>
		<bndbox>
			<xmin>37</xmin>
			<xmax>583</xmax>
			<ymin>65</ymin>
			<ymax>610</ymax>
		</bndbox>
	</object>
</annotation>
