<annotation>
	<folder></folder>
	<filename>IMG_2511_jpeg.rf.4b5a4f32474fa9ad32ae3a838aba2c3f.jpg</filename>
	<path>IMG_2511_jpeg.rf.4b5a4f32474fa9ad32ae3a838aba2c3f.jpg</path>
	<source>
		<database>roboflow.com</database>
	</source>
	<size>
		<width>640</width>
		<height>640</height>
		<depth>3</depth>
	</size>
	<segmented>0</segmented>
	<object>
		<name>ball</name>
		<pose>Unspecified</pose>
		<truncated>0</truncated>
		<difficult>0</difficult>
		<occluded>0</occluded>
		<bndbox>
			<xmin>14</xmin>
			<xmax>617</xmax>
			<ymin>119</ymin>
			<ymax>565</ymax>
		</bndbox>
	</object>
</annotation>
