<annotation>
	<folder></folder>
	<filename>IMG_2550_jpeg.rf.ddac6fd2e18ff497a17b03a339dd5371.jpg</filename>
	<path>IMG_2550_jpeg.rf.ddac6fd2e18ff497a17b03a339dd5371.jpg</path>
	<source>
		<database>roboflow.com</database>
	</source>
	<size>
		<width>640</width>
		<height>640</height>
		<depth>3</depth>
	</size>
	<segmented>0</segmented>
	<object>
		<name>vaccum cleaner</name>
		<pose>Unspecified</pose>
		<truncated>0</truncated>
		<difficult>0</difficult>
		<occluded>0</occluded>
		<bndbox>
			<xmin>135</xmin>
			<xmax>460</xmax>
			<ymin>19</ymin>
			<ymax>609</ymax>
		</bndbox>
	</object>
</annotation>
