<annotation>
	<folder></folder>
	<filename>IMG_2545_jpeg.rf.4004a97c30171dd2927f6b3e8e7829e8.jpg</filename>
	<path>IMG_2545_jpeg.rf.4004a97c30171dd2927f6b3e8e7829e8.jpg</path>
	<source>
		<database>roboflow.com</database>
	</source>
	<size>
		<width>640</width>
		<height>640</height>
		<depth>3</depth>
	</size>
	<segmented>0</segmented>
	<object>
		<name>ball</name>
		<pose>Unspecified</pose>
		<truncated>0</truncated>
		<difficult>0</difficult>
		<occluded>0</occluded>
		<bndbox>
			<xmin>105</xmin>
			<xmax>529</xmax>
			<ymin>184</ymin>
			<ymax>446</ymax>
		</bndbox>
	</object>
</annotation>
