<annotation>
	<folder></folder>
	<filename>IMG_2552_jpeg.rf.92f057691d4c289d11b07e01f1025418.jpg</filename>
	<path>IMG_2552_jpeg.rf.92f057691d4c289d11b07e01f1025418.jpg</path>
	<source>
		<database>roboflow.com</database>
	</source>
	<size>
		<width>640</width>
		<height>640</height>
		<depth>3</depth>
	</size>
	<segmented>0</segmented>
	<object>
		<name>vaccum cleaner</name>
		<pose>Unspecified</pose>
		<truncated>0</truncated>
		<difficult>0</difficult>
		<occluded>0</occluded>
		<bndbox>
			<xmin>44</xmin>
			<xmax>575</xmax>
			<ymin>8</ymin>
			<ymax>626</ymax>
		</bndbox>
	</object>
</annotation>
