<annotation>
	<folder></folder>
	<filename>IMG_2375_jpeg.rf.46c52b341ba0e2901c6ad69a61bdc759.jpg</filename>
	<path>IMG_2375_jpeg.rf.46c52b341ba0e2901c6ad69a61bdc759.jpg</path>
	<source>
		<database>roboflow.com</database>
	</source>
	<size>
		<width>640</width>
		<height>640</height>
		<depth>3</depth>
	</size>
	<segmented>0</segmented>
	<object>
		<name>tshirt</name>
		<pose>Unspecified</pose>
		<truncated>0</truncated>
		<difficult>0</difficult>
		<occluded>0</occluded>
		<bndbox>
			<xmin>1</xmin>
			<xmax>313</xmax>
			<ymin>215</ymin>
			<ymax>495</ymax>
		</bndbox>
	</object>
	<object>
		<name>tshirt</name>
		<pose>Unspecified</pose>
		<truncated>0</truncated>
		<difficult>0</difficult>
		<occluded>0</occluded>
		<bndbox>
			<xmin>329</xmin>
			<xmax>608</xmax>
			<ymin>214</ymin>
			<ymax>495</ymax>
		</bndbox>
	</object>
</annotation>
