<annotation>
	<folder></folder>
	<filename>IMG_2520_jpeg.rf.4920f62dc7c91be1dcbccb0bc66dfc67.jpg</filename>
	<path>IMG_2520_jpeg.rf.4920f62dc7c91be1dcbccb0bc66dfc67.jpg</path>
	<source>
		<database>roboflow.com</database>
	</source>
	<size>
		<width>640</width>
		<height>640</height>
		<depth>3</depth>
	</size>
	<segmented>0</segmented>
	<object>
		<name>ball</name>
		<pose>Unspecified</pose>
		<truncated>0</truncated>
		<difficult>0</difficult>
		<occluded>0</occluded>
		<bndbox>
			<xmin>56</xmin>
			<xmax>604</xmax>
			<ymin>102</ymin>
			<ymax>538</ymax>
		</bndbox>
	</object>
</annotation>
