<annotation>
	<folder></folder>
	<filename>IMG_2412_jpeg.rf.01c9bb67b1d091683b2487e7e7cf4874.jpg</filename>
	<path>IMG_2412_jpeg.rf.01c9bb67b1d091683b2487e7e7cf4874.jpg</path>
	<source>
		<database>roboflow.com</database>
	</source>
	<size>
		<width>640</width>
		<height>640</height>
		<depth>3</depth>
	</size>
	<segmented>0</segmented>
	<object>
		<name>tshirt</name>
		<pose>Unspecified</pose>
		<truncated>0</truncated>
		<difficult>0</difficult>
		<occluded>0</occluded>
		<bndbox>
			<xmin>37</xmin>
			<xmax>596</xmax>
			<ymin>31</ymin>
			<ymax>621</ymax>
		</bndbox>
	</object>
</annotation>
