<annotation>
	<folder></folder>
	<filename>IMG_2549_jpeg.rf.3cf66cae10693a3094992601bcae5fd5.jpg</filename>
	<path>IMG_2549_jpeg.rf.3cf66cae10693a3094992601bcae5fd5.jpg</path>
	<source>
		<database>roboflow.com</database>
	</source>
	<size>
		<width>640</width>
		<height>640</height>
		<depth>3</depth>
	</size>
	<segmented>0</segmented>
	<object>
		<name>vaccum cleaner</name>
		<pose>Unspecified</pose>
		<truncated>0</truncated>
		<difficult>0</difficult>
		<occluded>0</occluded>
		<bndbox>
			<xmin>202</xmin>
			<xmax>413</xmax>
			<ymin>98</ymin>
			<ymax>598</ymax>
		</bndbox>
	</object>
</annotation>
