<annotation>
	<folder></folder>
	<filename>IMG_2443_jpeg.rf.4389a5c1feef12af89a29fd36833f79c.jpg</filename>
	<path>IMG_2443_jpeg.rf.4389a5c1feef12af89a29fd36833f79c.jpg</path>
	<source>
		<database>roboflow.com</database>
	</source>
	<size>
		<width>640</width>
		<height>640</height>
		<depth>3</depth>
	</size>
	<segmented>0</segmented>
	<object>
		<name>tshirt</name>
		<pose>Unspecified</pose>
		<truncated>0</truncated>
		<difficult>0</difficult>
		<occluded>0</occluded>
		<bndbox>
			<xmin>31</xmin>
			<xmax>626</xmax>
			<ymin>71</ymin>
			<ymax>597</ymax>
		</bndbox>
	</object>
</annotation>
