<annotation>
	<folder></folder>
	<filename>IMG_2491_jpeg.rf.e7d7ba2559fb8cf42778042f46e0bf49.jpg</filename>
	<path>IMG_2491_jpeg.rf.e7d7ba2559fb8cf42778042f46e0bf49.jpg</path>
	<source>
		<database>roboflow.com</database>
	</source>
	<size>
		<width>640</width>
		<height>640</height>
		<depth>3</depth>
	</size>
	<segmented>0</segmented>
	<object>
		<name>ball</name>
		<pose>Unspecified</pose>
		<truncated>0</truncated>
		<difficult>0</difficult>
		<occluded>0</occluded>
		<bndbox>
			<xmin>147</xmin>
			<xmax>468</xmax>
			<ymin>173</ymin>
			<ymax>460</ymax>
		</bndbox>
	</object>
</annotation>
