<annotation>
	<folder></folder>
	<filename>IMG_2477_jpeg.rf.74eb01476f33777cedc1e989a7244334.jpg</filename>
	<path>IMG_2477_jpeg.rf.74eb01476f33777cedc1e989a7244334.jpg</path>
	<source>
		<database>roboflow.com</database>
	</source>
	<size>
		<width>640</width>
		<height>640</height>
		<depth>3</depth>
	</size>
	<segmented>0</segmented>
	<object>
		<name>vaccum cleaner</name>
		<pose>Unspecified</pose>
		<truncated>0</truncated>
		<difficult>0</difficult>
		<occluded>0</occluded>
		<bndbox>
			<xmin>278</xmin>
			<xmax>418</xmax>
			<ymin>293</ymin>
			<ymax>445</ymax>
		</bndbox>
	</object>
	<object>
		<name>tshirt</name>
		<pose>Unspecified</pose>
		<truncated>0</truncated>
		<difficult>0</difficult>
		<occluded>0</occluded>
		<bndbox>
			<xmin>188</xmin>
			<xmax>289</xmax>
			<ymin>220</ymin>
			<ymax>315</ymax>
		</bndbox>
	</object>
</annotation>
