<annotation>
	<folder></folder>
	<filename>IMG_2541_jpeg.rf.9d762d09c7cf8ff3f5bc439f454569bd.jpg</filename>
	<path>IMG_2541_jpeg.rf.9d762d09c7cf8ff3f5bc439f454569bd.jpg</path>
	<source>
		<database>roboflow.com</database>
	</source>
	<size>
		<width>640</width>
		<height>640</height>
		<depth>3</depth>
	</size>
	<segmented>0</segmented>
	<object>
		<name>ball</name>
		<pose>Unspecified</pose>
		<truncated>0</truncated>
		<difficult>0</difficult>
		<occluded>0</occluded>
		<bndbox>
			<xmin>155</xmin>
			<xmax>453</xmax>
			<ymin>168</ymin>
			<ymax>408</ymax>
		</bndbox>
	</object>
</annotation>
