<annotation>
	<folder></folder>
	<filename>IMG_2464_jpeg.rf.8b692105f62941f9741fe651a9a30dc9.jpg</filename>
	<path>IMG_2464_jpeg.rf.8b692105f62941f9741fe651a9a30dc9.jpg</path>
	<source>
		<database>roboflow.com</database>
	</source>
	<size>
		<width>640</width>
		<height>640</height>
		<depth>3</depth>
	</size>
	<segmented>0</segmented>
	<object>
		<name>vaccum cleaner</name>
		<pose>Unspecified</pose>
		<truncated>0</truncated>
		<difficult>0</difficult>
		<occluded>0</occluded>
		<bndbox>
			<xmin>166</xmin>
			<xmax>467</xmax>
			<ymin>1</ymin>
			<ymax>580</ymax>
		</bndbox>
	</object>
</annotation>
