<annotation>
	<folder></folder>
	<filename>IMG_2559_jpeg.rf.9e61d995b1775ca22285bfbef75b9297.jpg</filename>
	<path>IMG_2559_jpeg.rf.9e61d995b1775ca22285bfbef75b9297.jpg</path>
	<source>
		<database>roboflow.com</database>
	</source>
	<size>
		<width>640</width>
		<height>640</height>
		<depth>3</depth>
	</size>
	<segmented>0</segmented>
	<object>
		<name>vaccum cleaner</name>
		<pose>Unspecified</pose>
		<truncated>0</truncated>
		<difficult>0</difficult>
		<occluded>0</occluded>
		<bndbox>
			<xmin>120</xmin>
			<xmax>450</xmax>
			<ymin>11</ymin>
			<ymax>638</ymax>
		</bndbox>
	</object>
</annotation>
