<annotation>
	<folder></folder>
	<filename>IMG_2453_jpeg.rf.5f56cc780598082452d230f89fe45358.jpg</filename>
	<path>IMG_2453_jpeg.rf.5f56cc780598082452d230f89fe45358.jpg</path>
	<source>
		<database>roboflow.com</database>
	</source>
	<size>
		<width>640</width>
		<height>640</height>
		<depth>3</depth>
	</size>
	<segmented>0</segmented>
	<object>
		<name>tshirt</name>
		<pose>Unspecified</pose>
		<truncated>0</truncated>
		<difficult>0</difficult>
		<occluded>0</occluded>
		<bndbox>
			<xmin>7</xmin>
			<xmax>309</xmax>
			<ymin>195</ymin>
			<ymax>509</ymax>
		</bndbox>
	</object>
	<object>
		<name>tshirt</name>
		<pose>Unspecified</pose>
		<truncated>0</truncated>
		<difficult>0</difficult>
		<occluded>0</occluded>
		<bndbox>
			<xmin>323</xmin>
			<xmax>635</xmax>
			<ymin>195</ymin>
			<ymax>528</ymax>
		</bndbox>
	</object>
</annotation>
