<annotation>
	<folder></folder>
	<filename>IMG_2492_jpeg.rf.6a1f0eb84bab718f7fff7eca89ea33ab.jpg</filename>
	<path>IMG_2492_jpeg.rf.6a1f0eb84bab718f7fff7eca89ea33ab.jpg</path>
	<source>
		<database>roboflow.com</database>
	</source>
	<size>
		<width>640</width>
		<height>640</height>
		<depth>3</depth>
	</size>
	<segmented>0</segmented>
	<object>
		<name>ball</name>
		<pose>Unspecified</pose>
		<truncated>0</truncated>
		<difficult>0</difficult>
		<occluded>0</occluded>
		<bndbox>
			<xmin>84</xmin>
			<xmax>560</xmax>
			<ymin>112</ymin>
			<ymax>481</ymax>
		</bndbox>
	</object>
</annotation>
