<annotation>
	<folder></folder>
	<filename>IMG_2558_jpeg.rf.feaa73d575df190b95fd66c264d96f6c.jpg</filename>
	<path>IMG_2558_jpeg.rf.feaa73d575df190b95fd66c264d96f6c.jpg</path>
	<source>
		<database>roboflow.com</database>
	</source>
	<size>
		<width>640</width>
		<height>640</height>
		<depth>3</depth>
	</size>
	<segmented>0</segmented>
	<object>
		<name>vaccum cleaner</name>
		<pose>Unspecified</pose>
		<truncated>0</truncated>
		<difficult>0</difficult>
		<occluded>0</occluded>
		<bndbox>
			<xmin>59</xmin>
			<xmax>308</xmax>
			<ymin>32</ymin>
			<ymax>619</ymax>
		</bndbox>
	</object>
	<object>
		<name>vaccum cleaner</name>
		<pose>Unspecified</pose>
		<truncated>0</truncated>
		<difficult>0</difficult>
		<occluded>0</occluded>
		<bndbox>
			<xmin>325</xmin>
			<xmax>565</xmax>
			<ymin>31</ymin>
			<ymax>617</ymax>
		</bndbox>
	</object>
</annotation>
