<annotation>
	<folder></folder>
	<filename>IMG_2460_jpeg.rf.749f4935bba0bc7698f8e783c91518d6.jpg</filename>
	<path>IMG_2460_jpeg.rf.749f4935bba0bc7698f8e783c91518d6.jpg</path>
	<source>
		<database>roboflow.com</database>
	</source>
	<size>
		<width>640</width>
		<height>640</height>
		<depth>3</depth>
	</size>
	<segmented>0</segmented>
	<object>
		<name>vaccum cleaner</name>
		<pose>Unspecified</pose>
		<truncated>0</truncated>
		<difficult>0</difficult>
		<occluded>0</occluded>
		<bndbox>
			<xmin>160</xmin>
			<xmax>436</xmax>
			<ymin>3</ymin>
			<ymax>575</ymax>
		</bndbox>
	</object>
</annotation>
