<annotation>
	<folder></folder>
	<filename>IMG_2368_jpeg.rf.9bbbd82c449760bfb207333e39a57b5f.jpg</filename>
	<path>IMG_2368_jpeg.rf.9bbbd82c449760bfb207333e39a57b5f.jpg</path>
	<source>
		<database>roboflow.com</database>
	</source>
	<size>
		<width>640</width>
		<height>640</height>
		<depth>3</depth>
	</size>
	<segmented>0</segmented>
	<object>
		<name>tshirt</name>
		<pose>Unspecified</pose>
		<truncated>0</truncated>
		<difficult>0</difficult>
		<occluded>0</occluded>
		<bndbox>
			<xmin>1</xmin>
			<xmax>638</xmax>
			<ymin>61</ymin>
			<ymax>626</ymax>
		</bndbox>
	</object>
</annotation>
