<annotation>
	<folder></folder>
	<filename>IMG_2450_jpeg.rf.26fb9cc8f704c4d9b236adf486905c6c.jpg</filename>
	<path>IMG_2450_jpeg.rf.26fb9cc8f704c4d9b236adf486905c6c.jpg</path>
	<source>
		<database>roboflow.com</database>
	</source>
	<size>
		<width>640</width>
		<height>640</height>
		<depth>3</depth>
	</size>
	<segmented>0</segmented>
	<object>
		<name>tshirt</name>
		<pose>Unspecified</pose>
		<truncated>0</truncated>
		<difficult>0</difficult>
		<occluded>0</occluded>
		<bndbox>
			<xmin>14</xmin>
			<xmax>239</xmax>
			<ymin>350</ymin>
			<ymax>600</ymax>
		</bndbox>
	</object>
	<object>
		<name>tshirt</name>
		<pose>Unspecified</pose>
		<truncated>0</truncated>
		<difficult>0</difficult>
		<occluded>0</occluded>
		<bndbox>
			<xmin>249</xmin>
			<xmax>476</xmax>
			<ymin>324</ymin>
			<ymax>639</ymax>
		</bndbox>
	</object>
	<object>
		<name>tshirt</name>
		<pose>Unspecified</pose>
		<truncated>0</truncated>
		<difficult>0</difficult>
		<occluded>0</occluded>
		<bndbox>
			<xmin>468</xmin>
			<xmax>641</xmax>
			<ymin>358</ymin>
			<ymax>641</ymax>
		</bndbox>
	</object>
	<object>
		<name>tshirt</name>
		<pose>Unspecified</pose>
		<truncated>0</truncated>
		<difficult>0</difficult>
		<occluded>0</occluded>
		<bndbox>
			<xmin>521</xmin>
			<xmax>641</xmax>
			<ymin>47</ymin>
			<ymax>375</ymax>
		</bndbox>
	</object>
</annotation>
