<annotation>
	<folder></folder>
	<filename>IMG_2555_jpeg.rf.dbc3e5a21739b37f744e5f17f6f9fca4.jpg</filename>
	<path>IMG_2555_jpeg.rf.dbc3e5a21739b37f744e5f17f6f9fca4.jpg</path>
	<source>
		<database>roboflow.com</database>
	</source>
	<size>
		<width>640</width>
		<height>640</height>
		<depth>3</depth>
	</size>
	<segmented>0</segmented>
	<object>
		<name>vaccum cleaner</name>
		<pose>Unspecified</pose>
		<truncated>0</truncated>
		<difficult>0</difficult>
		<occluded>0</occluded>
		<bndbox>
			<xmin>194</xmin>
			<xmax>447</xmax>
			<ymin>20</ymin>
			<ymax>622</ymax>
		</bndbox>
	</object>
</annotation>
