<annotation>
	<folder></folder>
	<filename>IMG_2517_jpeg.rf.bc9736998ce75cb253cb81666ae377fb.jpg</filename>
	<path>IMG_2517_jpeg.rf.bc9736998ce75cb253cb81666ae377fb.jpg</path>
	<source>
		<database>roboflow.com</database>
	</source>
	<size>
		<width>640</width>
		<height>640</height>
		<depth>3</depth>
	</size>
	<segmented>0</segmented>
	<object>
		<name>ball</name>
		<pose>Unspecified</pose>
		<truncated>0</truncated>
		<difficult>0</difficult>
		<occluded>0</occluded>
		<bndbox>
			<xmin>39</xmin>
			<xmax>630</xmax>
			<ymin>181</ymin>
			<ymax>478</ymax>
		</bndbox>
	</object>
</annotation>
