<annotation>
	<folder></folder>
	<filename>IMG_2397_jpeg.rf.af2dfd805e8086dc75475d9c548b6faf.jpg</filename>
	<path>IMG_2397_jpeg.rf.af2dfd805e8086dc75475d9c548b6faf.jpg</path>
	<source>
		<database>roboflow.com</database>
	</source>
	<size>
		<width>640</width>
		<height>640</height>
		<depth>3</depth>
	</size>
	<segmented>0</segmented>
	<object>
		<name>tshirt</name>
		<pose>Unspecified</pose>
		<truncated>0</truncated>
		<difficult>0</difficult>
		<occluded>0</occluded>
		<bndbox>
			<xmin>62</xmin>
			<xmax>593</xmax>
			<ymin>68</ymin>
			<ymax>578</ymax>
		</bndbox>
	</object>
</annotation>
