<annotation>
	<folder></folder>
	<filename>IMG_2463_jpeg.rf.39bd6c36e9d59736d93fd9a296cd7e45.jpg</filename>
	<path>IMG_2463_jpeg.rf.39bd6c36e9d59736d93fd9a296cd7e45.jpg</path>
	<source>
		<database>roboflow.com</database>
	</source>
	<size>
		<width>640</width>
		<height>640</height>
		<depth>3</depth>
	</size>
	<segmented>0</segmented>
	<object>
		<name>vaccum cleaner</name>
		<pose>Unspecified</pose>
		<truncated>0</truncated>
		<difficult>0</difficult>
		<occluded>0</occluded>
		<bndbox>
			<xmin>36</xmin>
			<xmax>581</xmax>
			<ymin>1</ymin>
			<ymax>622</ymax>
		</bndbox>
	</object>
</annotation>
