<annotation>
	<folder></folder>
	<filename>IMG_2438_jpeg.rf.f65c234f8abb5c7a7ae2070b5e9a1d7d.jpg</filename>
	<path>IMG_2438_jpeg.rf.f65c234f8abb5c7a7ae2070b5e9a1d7d.jpg</path>
	<source>
		<database>roboflow.com</database>
	</source>
	<size>
		<width>640</width>
		<height>640</height>
		<depth>3</depth>
	</size>
	<segmented>0</segmented>
	<object>
		<name>tshirt</name>
		<pose>Unspecified</pose>
		<truncated>0</truncated>
		<difficult>0</difficult>
		<occluded>0</occluded>
		<bndbox>
			<xmin>7</xmin>
			<xmax>641</xmax>
			<ymin>61</ymin>
			<ymax>623</ymax>
		</bndbox>
	</object>
</annotation>
