<annotation>
	<folder></folder>
	<filename>IMG_2537_jpeg.rf.be82bcf932d98844cb8943e85b0d0c8d.jpg</filename>
	<path>IMG_2537_jpeg.rf.be82bcf932d98844cb8943e85b0d0c8d.jpg</path>
	<source>
		<database>roboflow.com</database>
	</source>
	<size>
		<width>640</width>
		<height>640</height>
		<depth>3</depth>
	</size>
	<segmented>0</segmented>
	<object>
		<name>ball</name>
		<pose>Unspecified</pose>
		<truncated>0</truncated>
		<difficult>0</difficult>
		<occluded>0</occluded>
		<bndbox>
			<xmin>109</xmin>
			<xmax>599</xmax>
			<ymin>163</ymin>
			<ymax>539</ymax>
		</bndbox>
	</object>
</annotation>
