<annotation>
	<folder></folder>
	<filename>IMG_2490_jpeg.rf.acf66453c0dd3ee9e133a42934ab2a48.jpg</filename>
	<path>IMG_2490_jpeg.rf.acf66453c0dd3ee9e133a42934ab2a48.jpg</path>
	<source>
		<database>roboflow.com</database>
	</source>
	<size>
		<width>640</width>
		<height>640</height>
		<depth>3</depth>
	</size>
	<segmented>0</segmented>
	<object>
		<name>ball</name>
		<pose>Unspecified</pose>
		<truncated>0</truncated>
		<difficult>0</difficult>
		<occluded>0</occluded>
		<bndbox>
			<xmin>71</xmin>
			<xmax>588</xmax>
			<ymin>204</ymin>
			<ymax>418</ymax>
		</bndbox>
	</object>
</annotation>
