<annotation>
	<folder></folder>
	<filename>IMG_2444_jpeg.rf.156209c0d4a5338b18a548d6f673428b.jpg</filename>
	<path>IMG_2444_jpeg.rf.156209c0d4a5338b18a548d6f673428b.jpg</path>
	<source>
		<database>roboflow.com</database>
	</source>
	<size>
		<width>640</width>
		<height>640</height>
		<depth>3</depth>
	</size>
	<segmented>0</segmented>
	<object>
		<name>tshirt</name>
		<pose>Unspecified</pose>
		<truncated>0</truncated>
		<difficult>0</difficult>
		<occluded>0</occluded>
		<bndbox>
			<xmin>3</xmin>
			<xmax>371</xmax>
			<ymin>279</ymin>
			<ymax>611</ymax>
		</bndbox>
	</object>
	<object>
		<name>tshirt</name>
		<pose>Unspecified</pose>
		<truncated>0</truncated>
		<difficult>0</difficult>
		<occluded>0</occluded>
		<bndbox>
			<xmin>303</xmin>
			<xmax>641</xmax>
			<ymin>239</ymin>
			<ymax>571</ymax>
		</bndbox>
	</object>
</annotation>
