<annotation>
	<folder></folder>
	<filename>IMG_2566_jpeg.rf.d4ba85b053b639fa2f5c1a858036442d.jpg</filename>
	<path>IMG_2566_jpeg.rf.d4ba85b053b639fa2f5c1a858036442d.jpg</path>
	<source>
		<database>roboflow.com</database>
	</source>
	<size>
		<width>640</width>
		<height>640</height>
		<depth>3</depth>
	</size>
	<segmented>0</segmented>
	<object>
		<name>ball</name>
		<pose>Unspecified</pose>
		<truncated>0</truncated>
		<difficult>0</difficult>
		<occluded>0</occluded>
		<bndbox>
			<xmin>78</xmin>
			<xmax>508</xmax>
			<ymin>200</ymin>
			<ymax>490</ymax>
		</bndbox>
	</object>
</annotation>
