<annotation>
	<folder></folder>
	<filename>IMG_2469_jpeg.rf.b28325dacd99d28dcde81672401fb03f.jpg</filename>
	<path>IMG_2469_jpeg.rf.b28325dacd99d28dcde81672401fb03f.jpg</path>
	<source>
		<database>roboflow.com</database>
	</source>
	<size>
		<width>640</width>
		<height>640</height>
		<depth>3</depth>
	</size>
	<segmented>0</segmented>
	<object>
		<name>vaccum cleaner</name>
		<pose>Unspecified</pose>
		<truncated>0</truncated>
		<difficult>0</difficult>
		<occluded>0</occluded>
		<bndbox>
			<xmin>161</xmin>
			<xmax>568</xmax>
			<ymin>1</ymin>
			<ymax>620</ymax>
		</bndbox>
	</object>
</annotation>
