<annotation>
	<folder></folder>
	<filename>IMG_2439_jpeg.rf.9f6cd4b439fe70225a97aa3263dcf054.jpg</filename>
	<path>IMG_2439_jpeg.rf.9f6cd4b439fe70225a97aa3263dcf054.jpg</path>
	<source>
		<database>roboflow.com</database>
	</source>
	<size>
		<width>640</width>
		<height>640</height>
		<depth>3</depth>
	</size>
	<segmented>0</segmented>
	<object>
		<name>tshirt</name>
		<pose>Unspecified</pose>
		<truncated>0</truncated>
		<difficult>0</difficult>
		<occluded>0</occluded>
		<bndbox>
			<xmin>1</xmin>
			<xmax>396</xmax>
			<ymin>171</ymin>
			<ymax>600</ymax>
		</bndbox>
	</object>
	<object>
		<name>tshirt</name>
		<pose>Unspecified</pose>
		<truncated>0</truncated>
		<difficult>0</difficult>
		<occluded>0</occluded>
		<bndbox>
			<xmin>405</xmin>
			<xmax>641</xmax>
			<ymin>136</ymin>
			<ymax>455</ymax>
		</bndbox>
	</object>
</annotation>
