<annotation>
	<folder></folder>
	<filename>IMG_2488_jpeg.rf.8709c6d45177ad2f2c81195812a09318.jpg</filename>
	<path>IMG_2488_jpeg.rf.8709c6d45177ad2f2c81195812a09318.jpg</path>
	<source>
		<database>roboflow.com</database>
	</source>
	<size>
		<width>640</width>
		<height>640</height>
		<depth>3</depth>
	</size>
	<segmented>0</segmented>
	<object>
		<name>ball</name>
		<pose>Unspecified</pose>
		<truncated>0</truncated>
		<difficult>0</difficult>
		<occluded>0</occluded>
		<bndbox>
			<xmin>65</xmin>
			<xmax>595</xmax>
			<ymin>119</ymin>
			<ymax>534</ymax>
		</bndbox>
	</object>
</annotation>
