<annotation>
	<folder></folder>
	<filename>IMG_2425_jpeg.rf.289828aabfc797717e976786dbab7a37.jpg</filename>
	<path>IMG_2425_jpeg.rf.289828aabfc797717e976786dbab7a37.jpg</path>
	<source>
		<database>roboflow.com</database>
	</source>
	<size>
		<width>640</width>
		<height>640</height>
		<depth>3</depth>
	</size>
	<segmented>0</segmented>
	<object>
		<name>tshirt</name>
		<pose>Unspecified</pose>
		<truncated>0</truncated>
		<difficult>0</difficult>
		<occluded>0</occluded>
		<bndbox>
			<xmin>28</xmin>
			<xmax>641</xmax>
			<ymin>12</ymin>
			<ymax>641</ymax>
		</bndbox>
	</object>
</annotation>
