<annotation>
	<folder></folder>
	<filename>IMG_2404_jpeg.rf.1c3df02fcd994e8fddd1bdab291ed13f.jpg</filename>
	<path>IMG_2404_jpeg.rf.1c3df02fcd994e8fddd1bdab291ed13f.jpg</path>
	<source>
		<database>roboflow.com</database>
	</source>
	<size>
		<width>640</width>
		<height>640</height>
		<depth>3</depth>
	</size>
	<segmented>0</segmented>
	<object>
		<name>tshirt</name>
		<pose>Unspecified</pose>
		<truncated>0</truncated>
		<difficult>0</difficult>
		<occluded>0</occluded>
		<bndbox>
			<xmin>35</xmin>
			<xmax>631</xmax>
			<ymin>77</ymin>
			<ymax>611</ymax>
		</bndbox>
	</object>
</annotation>
