<annotation>
	<folder></folder>
	<filename>IMG_2461_jpeg.rf.5f4cfee2067f0cf8c36f71f5f1928de6.jpg</filename>
	<path>IMG_2461_jpeg.rf.5f4cfee2067f0cf8c36f71f5f1928de6.jpg</path>
	<source>
		<database>roboflow.com</database>
	</source>
	<size>
		<width>640</width>
		<height>640</height>
		<depth>3</depth>
	</size>
	<segmented>0</segmented>
	<object>
		<name>vaccum cleaner</name>
		<pose>Unspecified</pose>
		<truncated>0</truncated>
		<difficult>0</difficult>
		<occluded>0</occluded>
		<bndbox>
			<xmin>164</xmin>
			<xmax>408</xmax>
			<ymin>42</ymin>
			<ymax>537</ymax>
		</bndbox>
	</object>
</annotation>
