<annotation>
	<folder></folder>
	<filename>IMG_2542_jpeg.rf.8cca427db0afb2285c9c26d5a8adf42f.jpg</filename>
	<path>IMG_2542_jpeg.rf.8cca427db0afb2285c9c26d5a8adf42f.jpg</path>
	<source>
		<database>roboflow.com</database>
	</source>
	<size>
		<width>640</width>
		<height>640</height>
		<depth>3</depth>
	</size>
	<segmented>0</segmented>
	<object>
		<name>ball</name>
		<pose>Unspecified</pose>
		<truncated>0</truncated>
		<difficult>0</difficult>
		<occluded>0</occluded>
		<bndbox>
			<xmin>135</xmin>
			<xmax>522</xmax>
			<ymin>190</ymin>
			<ymax>501</ymax>
		</bndbox>
	</object>
</annotation>
