<annotation>
	<folder></folder>
	<filename>IMG_2455_jpeg.rf.3afa4f27886ca3e87ba36c80b7bf55ff.jpg</filename>
	<path>IMG_2455_jpeg.rf.3afa4f27886ca3e87ba36c80b7bf55ff.jpg</path>
	<source>
		<database>roboflow.com</database>
	</source>
	<size>
		<width>640</width>
		<height>640</height>
		<depth>3</depth>
	</size>
	<segmented>0</segmented>
	<object>
		<name>vaccum cleaner</name>
		<pose>Unspecified</pose>
		<truncated>0</truncated>
		<difficult>0</difficult>
		<occluded>0</occluded>
		<bndbox>
			<xmin>43</xmin>
			<xmax>229</xmax>
			<ymin>171</ymin>
			<ymax>576</ymax>
		</bndbox>
	</object>
	<object>
		<name>vaccum cleaner</name>
		<pose>Unspecified</pose>
		<truncated>0</truncated>
		<difficult>0</difficult>
		<occluded>0</occluded>
		<bndbox>
			<xmin>246</xmin>
			<xmax>417</xmax>
			<ymin>168</ymin>
			<ymax>576</ymax>
		</bndbox>
	</object>
	<object>
		<name>vaccum cleaner</name>
		<pose>Unspecified</pose>
		<truncated>0</truncated>
		<difficult>0</difficult>
		<occluded>0</occluded>
		<bndbox>
			<xmin>471</xmin>
			<xmax>619</xmax>
			<ymin>172</ymin>
			<ymax>569</ymax>
		</bndbox>
	</object>
</annotation>
