<annotation>
	<folder></folder>
	<filename>IMG_2422_jpeg.rf.24c16074f1c9ff99d8d733d80a3d0029.jpg</filename>
	<path>IMG_2422_jpeg.rf.24c16074f1c9ff99d8d733d80a3d0029.jpg</path>
	<source>
		<database>roboflow.com</database>
	</source>
	<size>
		<width>640</width>
		<height>640</height>
		<depth>3</depth>
	</size>
	<segmented>0</segmented>
	<object>
		<name>tshirt</name>
		<pose>Unspecified</pose>
		<truncated>0</truncated>
		<difficult>0</difficult>
		<occluded>0</occluded>
		<bndbox>
			<xmin>18</xmin>
			<xmax>611</xmax>
			<ymin>123</ymin>
			<ymax>599</ymax>
		</bndbox>
	</object>
</annotation>
