<annotation>
	<folder></folder>
	<filename>IMG_2407_jpeg.rf.04d472123c47b3aa3a096c3d10b6505e.jpg</filename>
	<path>IMG_2407_jpeg.rf.04d472123c47b3aa3a096c3d10b6505e.jpg</path>
	<source>
		<database>roboflow.com</database>
	</source>
	<size>
		<width>640</width>
		<height>640</height>
		<depth>3</depth>
	</size>
	<segmented>0</segmented>
	<object>
		<name>tshirt</name>
		<pose>Unspecified</pose>
		<truncated>0</truncated>
		<difficult>0</difficult>
		<occluded>0</occluded>
		<bndbox>
			<xmin>5</xmin>
			<xmax>597</xmax>
			<ymin>49</ymin>
			<ymax>639</ymax>
		</bndbox>
	</object>
	<object>
		<name>tshirt</name>
		<pose>Unspecified</pose>
		<truncated>0</truncated>
		<difficult>0</difficult>
		<occluded>0</occluded>
		<bndbox>
			<xmin>602</xmin>
			<xmax>629</xmax>
			<ymin>382</ymin>
			<ymax>384</ymax>
		</bndbox>
	</object>
</annotation>
