<annotation>
	<folder></folder>
	<filename>IMG_2441_jpeg.rf.32050bb917980a3fb0f02ec66cc6c688.jpg</filename>
	<path>IMG_2441_jpeg.rf.32050bb917980a3fb0f02ec66cc6c688.jpg</path>
	<source>
		<database>roboflow.com</database>
	</source>
	<size>
		<width>640</width>
		<height>640</height>
		<depth>3</depth>
	</size>
	<segmented>0</segmented>
	<object>
		<name>tshirt</name>
		<pose>Unspecified</pose>
		<truncated>0</truncated>
		<difficult>0</difficult>
		<occluded>0</occluded>
		<bndbox>
			<xmin>65</xmin>
			<xmax>610</xmax>
			<ymin>95</ymin>
			<ymax>627</ymax>
		</bndbox>
	</object>
</annotation>
