<annotation>
	<folder></folder>
	<filename>IMG_2474_jpeg.rf.9b3f59ff1c5c47d7498777f06be06654.jpg</filename>
	<path>IMG_2474_jpeg.rf.9b3f59ff1c5c47d7498777f06be06654.jpg</path>
	<source>
		<database>roboflow.com</database>
	</source>
	<size>
		<width>640</width>
		<height>640</height>
		<depth>3</depth>
	</size>
	<segmented>0</segmented>
	<object>
		<name>vaccum cleaner</name>
		<pose>Unspecified</pose>
		<truncated>0</truncated>
		<difficult>0</difficult>
		<occluded>0</occluded>
		<bndbox>
			<xmin>172</xmin>
			<xmax>473</xmax>
			<ymin>10</ymin>
			<ymax>641</ymax>
		</bndbox>
	</object>
</annotation>
