<annotation>
	<folder></folder>
	<filename>IMG_2536_jpeg.rf.d2f0dd6f07195462cbe433722493f9da.jpg</filename>
	<path>IMG_2536_jpeg.rf.d2f0dd6f07195462cbe433722493f9da.jpg</path>
	<source>
		<database>roboflow.com</database>
	</source>
	<size>
		<width>640</width>
		<height>640</height>
		<depth>3</depth>
	</size>
	<segmented>0</segmented>
	<object>
		<name>ball</name>
		<pose>Unspecified</pose>
		<truncated>0</truncated>
		<difficult>0</difficult>
		<occluded>0</occluded>
		<bndbox>
			<xmin>22</xmin>
			<xmax>609</xmax>
			<ymin>106</ymin>
			<ymax>549</ymax>
		</bndbox>
	</object>
</annotation>
