<annotation>
	<folder></folder>
	<filename>IMG_2497_jpeg.rf.9da52065ef6bbb54d79629beaf397860.jpg</filename>
	<path>IMG_2497_jpeg.rf.9da52065ef6bbb54d79629beaf397860.jpg</path>
	<source>
		<database>roboflow.com</database>
	</source>
	<size>
		<width>640</width>
		<height>640</height>
		<depth>3</depth>
	</size>
	<segmented>0</segmented>
	<object>
		<name>ball</name>
		<pose>Unspecified</pose>
		<truncated>0</truncated>
		<difficult>0</difficult>
		<occluded>0</occluded>
		<bndbox>
			<xmin>162</xmin>
			<xmax>521</xmax>
			<ymin>207</ymin>
			<ymax>455</ymax>
		</bndbox>
	</object>
</annotation>
