<annotation>
	<folder></folder>
	<filename>IMG_2411_jpeg.rf.b1fba8ef91c79c08d8b8062fcec1d566.jpg</filename>
	<path>IMG_2411_jpeg.rf.b1fba8ef91c79c08d8b8062fcec1d566.jpg</path>
	<source>
		<database>roboflow.com</database>
	</source>
	<size>
		<width>640</width>
		<height>640</height>
		<depth>3</depth>
	</size>
	<segmented>0</segmented>
	<object>
		<name>tshirt</name>
		<pose>Unspecified</pose>
		<truncated>0</truncated>
		<difficult>0</difficult>
		<occluded>0</occluded>
		<bndbox>
			<xmin>42</xmin>
			<xmax>595</xmax>
			<ymin>7</ymin>
			<ymax>625</ymax>
		</bndbox>
	</object>
</annotation>
