<annotation>
	<folder></folder>
	<filename>IMG_2539_jpeg.rf.c0c9368420e2a93f57fa34538867cbc8.jpg</filename>
	<path>IMG_2539_jpeg.rf.c0c9368420e2a93f57fa34538867cbc8.jpg</path>
	<source>
		<database>roboflow.com</database>
	</source>
	<size>
		<width>640</width>
		<height>640</height>
		<depth>3</depth>
	</size>
	<segmented>0</segmented>
	<object>
		<name>ball</name>
		<pose>Unspecified</pose>
		<truncated>0</truncated>
		<difficult>0</difficult>
		<occluded>0</occluded>
		<bndbox>
			<xmin>111</xmin>
			<xmax>581</xmax>
			<ymin>193</ymin>
			<ymax>554</ymax>
		</bndbox>
	</object>
</annotation>
