<annotation>
	<folder></folder>
	<filename>IMG_2505_jpeg.rf.bd07dfbef6bae2ce64bcf512f772d1bc.jpg</filename>
	<path>IMG_2505_jpeg.rf.bd07dfbef6bae2ce64bcf512f772d1bc.jpg</path>
	<source>
		<database>roboflow.com</database>
	</source>
	<size>
		<width>640</width>
		<height>640</height>
		<depth>3</depth>
	</size>
	<segmented>0</segmented>
	<object>
		<name>ball</name>
		<pose>Unspecified</pose>
		<truncated>0</truncated>
		<difficult>0</difficult>
		<occluded>0</occluded>
		<bndbox>
			<xmin>46</xmin>
			<xmax>618</xmax>
			<ymin>128</ymin>
			<ymax>573</ymax>
		</bndbox>
	</object>
</annotation>
