<annotation>
	<folder></folder>
	<filename>IMG_2387_jpeg.rf.367516efe959a72ee44587645e540997.jpg</filename>
	<path>IMG_2387_jpeg.rf.367516efe959a72ee44587645e540997.jpg</path>
	<source>
		<database>roboflow.com</database>
	</source>
	<size>
		<width>640</width>
		<height>640</height>
		<depth>3</depth>
	</size>
	<segmented>0</segmented>
	<object>
		<name>tshirt</name>
		<pose>Unspecified</pose>
		<truncated>0</truncated>
		<difficult>0</difficult>
		<occluded>0</occluded>
		<bndbox>
			<xmin>27</xmin>
			<xmax>614</xmax>
			<ymin>116</ymin>
			<ymax>553</ymax>
		</bndbox>
	</object>
</annotation>
