<annotation>
	<folder></folder>
	<filename>IMG_2385_jpeg.rf.20ea7cea55602c42dd31dc8cb4e6d4d2.jpg</filename>
	<path>IMG_2385_jpeg.rf.20ea7cea55602c42dd31dc8cb4e6d4d2.jpg</path>
	<source>
		<database>roboflow.com</database>
	</source>
	<size>
		<width>640</width>
		<height>640</height>
		<depth>3</depth>
	</size>
	<segmented>0</segmented>
	<object>
		<name>tshirt</name>
		<pose>Unspecified</pose>
		<truncated>0</truncated>
		<difficult>0</difficult>
		<occluded>0</occluded>
		<bndbox>
			<xmin>62</xmin>
			<xmax>590</xmax>
			<ymin>173</ymin>
			<ymax>610</ymax>
		</bndbox>
	</object>
</annotation>
