<annotation>
	<folder></folder>
	<filename>IMG_2504_jpeg.rf.b719c4536090428ed41962918be8733f.jpg</filename>
	<path>IMG_2504_jpeg.rf.b719c4536090428ed41962918be8733f.jpg</path>
	<source>
		<database>roboflow.com</database>
	</source>
	<size>
		<width>640</width>
		<height>640</height>
		<depth>3</depth>
	</size>
	<segmented>0</segmented>
	<object>
		<name>ball</name>
		<pose>Unspecified</pose>
		<truncated>0</truncated>
		<difficult>0</difficult>
		<occluded>0</occluded>
		<bndbox>
			<xmin>107</xmin>
			<xmax>559</xmax>
			<ymin>158</ymin>
			<ymax>547</ymax>
		</bndbox>
	</object>
</annotation>
