<annotation>
	<folder></folder>
	<filename>IMG_2440_jpeg.rf.1729892b0f3976fbb7d5ddffea76a710.jpg</filename>
	<path>IMG_2440_jpeg.rf.1729892b0f3976fbb7d5ddffea76a710.jpg</path>
	<source>
		<database>roboflow.com</database>
	</source>
	<size>
		<width>640</width>
		<height>640</height>
		<depth>3</depth>
	</size>
	<segmented>0</segmented>
	<object>
		<name>tshirt</name>
		<pose>Unspecified</pose>
		<truncated>0</truncated>
		<difficult>0</difficult>
		<occluded>0</occluded>
		<bndbox>
			<xmin>1</xmin>
			<xmax>639</xmax>
			<ymin>34</ymin>
			<ymax>640</ymax>
		</bndbox>
	</object>
</annotation>
