<annotation>
	<folder></folder>
	<filename>IMG_2561_jpeg.rf.514f73ac9b5782e0baecf83f9adad50d.jpg</filename>
	<path>IMG_2561_jpeg.rf.514f73ac9b5782e0baecf83f9adad50d.jpg</path>
	<source>
		<database>roboflow.com</database>
	</source>
	<size>
		<width>640</width>
		<height>640</height>
		<depth>3</depth>
	</size>
	<segmented>0</segmented>
	<object>
		<name>vaccum cleaner</name>
		<pose>Unspecified</pose>
		<truncated>0</truncated>
		<difficult>0</difficult>
		<occluded>0</occluded>
		<bndbox>
			<xmin>71</xmin>
			<xmax>536</xmax>
			<ymin>14</ymin>
			<ymax>621</ymax>
		</bndbox>
	</object>
</annotation>
