<annotation>
	<folder></folder>
	<filename>IMG_2554_jpeg.rf.776f65eccf006b08db237d99f5a2a08b.jpg</filename>
	<path>IMG_2554_jpeg.rf.776f65eccf006b08db237d99f5a2a08b.jpg</path>
	<source>
		<database>roboflow.com</database>
	</source>
	<size>
		<width>640</width>
		<height>640</height>
		<depth>3</depth>
	</size>
	<segmented>0</segmented>
	<object>
		<name>vaccum cleaner</name>
		<pose>Unspecified</pose>
		<truncated>0</truncated>
		<difficult>0</difficult>
		<occluded>0</occluded>
		<bndbox>
			<xmin>29</xmin>
			<xmax>619</xmax>
			<ymin>23</ymin>
			<ymax>566</ymax>
		</bndbox>
	</object>
</annotation>
