<annotation>
	<folder></folder>
	<filename>IMG_2458_jpeg.rf.869ad3d9e150f43fe8fd310a93209b87.jpg</filename>
	<path>IMG_2458_jpeg.rf.869ad3d9e150f43fe8fd310a93209b87.jpg</path>
	<source>
		<database>roboflow.com</database>
	</source>
	<size>
		<width>640</width>
		<height>640</height>
		<depth>3</depth>
	</size>
	<segmented>0</segmented>
	<object>
		<name>vaccum cleaner</name>
		<pose>Unspecified</pose>
		<truncated>0</truncated>
		<difficult>0</difficult>
		<occluded>0</occluded>
		<bndbox>
			<xmin>158</xmin>
			<xmax>461</xmax>
			<ymin>3</ymin>
			<ymax>637</ymax>
		</bndbox>
	</object>
	<object>
		<name>vaccum cleaner</name>
		<pose>Unspecified</pose>
		<truncated>0</truncated>
		<difficult>0</difficult>
		<occluded>0</occluded>
		<bndbox>
			<xmin>488</xmin>
			<xmax>641</xmax>
			<ymin>4</ymin>
			<ymax>641</ymax>
		</bndbox>
	</object>
</annotation>
