<annotation>
	<folder></folder>
	<filename>IMG_2478_jpeg.rf.a11a4aa70fa20b07578461dfcfe1371a.jpg</filename>
	<path>IMG_2478_jpeg.rf.a11a4aa70fa20b07578461dfcfe1371a.jpg</path>
	<source>
		<database>roboflow.com</database>
	</source>
	<size>
		<width>640</width>
		<height>640</height>
		<depth>3</depth>
	</size>
	<segmented>0</segmented>
	<object>
		<name>tshirt</name>
		<pose>Unspecified</pose>
		<truncated>0</truncated>
		<difficult>0</difficult>
		<occluded>0</occluded>
		<bndbox>
			<xmin>291</xmin>
			<xmax>493</xmax>
			<ymin>274</ymin>
			<ymax>369</ymax>
		</bndbox>
	</object>
	<object>
		<name>vaccum cleaner</name>
		<pose>Unspecified</pose>
		<truncated>0</truncated>
		<difficult>0</difficult>
		<occluded>0</occluded>
		<bndbox>
			<xmin>127</xmin>
			<xmax>371</xmax>
			<ymin>120</ymin>
			<ymax>541</ymax>
		</bndbox>
	</object>
</annotation>
