<annotation>
	<folder></folder>
	<filename>IMG_2483_jpeg.rf.dc5c1aa329f8d99d795f958d68961220.jpg</filename>
	<path>IMG_2483_jpeg.rf.dc5c1aa329f8d99d795f958d68961220.jpg</path>
	<source>
		<database>roboflow.com</database>
	</source>
	<size>
		<width>640</width>
		<height>640</height>
		<depth>3</depth>
	</size>
	<segmented>0</segmented>
	<object>
		<name>ball</name>
		<pose>Unspecified</pose>
		<truncated>0</truncated>
		<difficult>0</difficult>
		<occluded>0</occluded>
		<bndbox>
			<xmin>124</xmin>
			<xmax>503</xmax>
			<ymin>192</ymin>
			<ymax>487</ymax>
		</bndbox>
	</object>
</annotation>
