<annotation>
	<folder></folder>
	<filename>IMG_2528_jpeg.rf.b13ef50eda2f8466af570687b251ce0b.jpg</filename>
	<path>IMG_2528_jpeg.rf.b13ef50eda2f8466af570687b251ce0b.jpg</path>
	<source>
		<database>roboflow.com</database>
	</source>
	<size>
		<width>640</width>
		<height>640</height>
		<depth>3</depth>
	</size>
	<segmented>0</segmented>
	<object>
		<name>vaccum cleaner</name>
		<pose>Unspecified</pose>
		<truncated>0</truncated>
		<difficult>0</difficult>
		<occluded>0</occluded>
		<bndbox>
			<xmin>190</xmin>
			<xmax>480</xmax>
			<ymin>47</ymin>
			<ymax>587</ymax>
		</bndbox>
	</object>
</annotation>
