<annotation>
	<folder></folder>
	<filename>IMG_2499_jpeg.rf.6bfca6d430718fb235f84f95705f54ed.jpg</filename>
	<path>IMG_2499_jpeg.rf.6bfca6d430718fb235f84f95705f54ed.jpg</path>
	<source>
		<database>roboflow.com</database>
	</source>
	<size>
		<width>640</width>
		<height>640</height>
		<depth>3</depth>
	</size>
	<segmented>0</segmented>
	<object>
		<name>ball</name>
		<pose>Unspecified</pose>
		<truncated>0</truncated>
		<difficult>0</difficult>
		<occluded>0</occluded>
		<bndbox>
			<xmin>194</xmin>
			<xmax>445</xmax>
			<ymin>233</ymin>
			<ymax>434</ymax>
		</bndbox>
	</object>
</annotation>
