<annotation>
	<folder></folder>
	<filename>IMG_2390_jpeg.rf.b8de7710f749a16c2ab89550cb4b5857.jpg</filename>
	<path>IMG_2390_jpeg.rf.b8de7710f749a16c2ab89550cb4b5857.jpg</path>
	<source>
		<database>roboflow.com</database>
	</source>
	<size>
		<width>640</width>
		<height>640</height>
		<depth>3</depth>
	</size>
	<segmented>0</segmented>
	<object>
		<name>tshirt</name>
		<pose>Unspecified</pose>
		<truncated>0</truncated>
		<difficult>0</difficult>
		<occluded>0</occluded>
		<bndbox>
			<xmin>20</xmin>
			<xmax>578</xmax>
			<ymin>80</ymin>
			<ymax>619</ymax>
		</bndbox>
	</object>
</annotation>
