<annotation>
	<folder></folder>
	<filename>IMG_2538_jpeg.rf.e68931dc098f49c272985cbafa79928c.jpg</filename>
	<path>IMG_2538_jpeg.rf.e68931dc098f49c272985cbafa79928c.jpg</path>
	<source>
		<database>roboflow.com</database>
	</source>
	<size>
		<width>640</width>
		<height>640</height>
		<depth>3</depth>
	</size>
	<segmented>0</segmented>
	<object>
		<name>ball</name>
		<pose>Unspecified</pose>
		<truncated>0</truncated>
		<difficult>0</difficult>
		<occluded>0</occluded>
		<bndbox>
			<xmin>90</xmin>
			<xmax>554</xmax>
			<ymin>214</ymin>
			<ymax>575</ymax>
		</bndbox>
	</object>
</annotation>
