<annotation>
	<folder></folder>
	<filename>IMG_2381_jpeg.rf.d0948d2970a25899869832af23c730ea.jpg</filename>
	<path>IMG_2381_jpeg.rf.d0948d2970a25899869832af23c730ea.jpg</path>
	<source>
		<database>roboflow.com</database>
	</source>
	<size>
		<width>640</width>
		<height>640</height>
		<depth>3</depth>
	</size>
	<segmented>0</segmented>
	<object>
		<name>tshirt</name>
		<pose>Unspecified</pose>
		<truncated>0</truncated>
		<difficult>0</difficult>
		<occluded>0</occluded>
		<bndbox>
			<xmin>28</xmin>
			<xmax>622</xmax>
			<ymin>53</ymin>
			<ymax>635</ymax>
		</bndbox>
	</object>
</annotation>
