<annotation>
	<folder></folder>
	<filename>IMG_2557_jpeg.rf.735aa5bb2981246cfc50f8d1dfddcc29.jpg</filename>
	<path>IMG_2557_jpeg.rf.735aa5bb2981246cfc50f8d1dfddcc29.jpg</path>
	<source>
		<database>roboflow.com</database>
	</source>
	<size>
		<width>640</width>
		<height>640</height>
		<depth>3</depth>
	</size>
	<segmented>0</segmented>
	<object>
		<name>vaccum cleaner</name>
		<pose>Unspecified</pose>
		<truncated>0</truncated>
		<difficult>0</difficult>
		<occluded>0</occluded>
		<bndbox>
			<xmin>137</xmin>
			<xmax>467</xmax>
			<ymin>16</ymin>
			<ymax>616</ymax>
		</bndbox>
	</object>
</annotation>
