<annotation>
	<folder></folder>
	<filename>IMG_2471_jpeg.rf.55f52ebbfe4e5b6a3da1672dbe8bfca9.jpg</filename>
	<path>IMG_2471_jpeg.rf.55f52ebbfe4e5b6a3da1672dbe8bfca9.jpg</path>
	<source>
		<database>roboflow.com</database>
	</source>
	<size>
		<width>640</width>
		<height>640</height>
		<depth>3</depth>
	</size>
	<segmented>0</segmented>
	<object>
		<name>vaccum cleaner</name>
		<pose>Unspecified</pose>
		<truncated>0</truncated>
		<difficult>0</difficult>
		<occluded>0</occluded>
		<bndbox>
			<xmin>115</xmin>
			<xmax>429</xmax>
			<ymin>1</ymin>
			<ymax>638</ymax>
		</bndbox>
	</object>
</annotation>
