<annotation>
	<folder></folder>
	<filename>IMG_2388_jpeg.rf.52e3b83487f62737e1cd80485e0ebf15.jpg</filename>
	<path>IMG_2388_jpeg.rf.52e3b83487f62737e1cd80485e0ebf15.jpg</path>
	<source>
		<database>roboflow.com</database>
	</source>
	<size>
		<width>640</width>
		<height>640</height>
		<depth>3</depth>
	</size>
	<segmented>0</segmented>
	<object>
		<name>tshirt</name>
		<pose>Unspecified</pose>
		<truncated>0</truncated>
		<difficult>0</difficult>
		<occluded>0</occluded>
		<bndbox>
			<xmin>35</xmin>
			<xmax>609</xmax>
			<ymin>174</ymin>
			<ymax>594</ymax>
		</bndbox>
	</object>
</annotation>
