<annotation>
	<folder></folder>
	<filename>IMG_2389_jpeg.rf.92b7efca1c9c76cc7888324f6e7ebeac.jpg</filename>
	<path>IMG_2389_jpeg.rf.92b7efca1c9c76cc7888324f6e7ebeac.jpg</path>
	<source>
		<database>roboflow.com</database>
	</source>
	<size>
		<width>640</width>
		<height>640</height>
		<depth>3</depth>
	</size>
	<segmented>0</segmented>
	<object>
		<name>tshirt</name>
		<pose>Unspecified</pose>
		<truncated>0</truncated>
		<difficult>0</difficult>
		<occluded>0</occluded>
		<bndbox>
			<xmin>59</xmin>
			<xmax>571</xmax>
			<ymin>93</ymin>
			<ymax>606</ymax>
		</bndbox>
	</object>
</annotation>
