<annotation>
	<folder></folder>
	<filename>IMG_2475_jpeg.rf.0f56d9a62dc219fcc030acb78bb6c8b7.jpg</filename>
	<path>IMG_2475_jpeg.rf.0f56d9a62dc219fcc030acb78bb6c8b7.jpg</path>
	<source>
		<database>roboflow.com</database>
	</source>
	<size>
		<width>640</width>
		<height>640</height>
		<depth>3</depth>
	</size>
	<segmented>0</segmented>
	<object>
		<name>vaccum cleaner</name>
		<pose>Unspecified</pose>
		<truncated>0</truncated>
		<difficult>0</difficult>
		<occluded>0</occluded>
		<bndbox>
			<xmin>183</xmin>
			<xmax>439</xmax>
			<ymin>20</ymin>
			<ymax>633</ymax>
		</bndbox>
	</object>
</annotation>
