<annotation>
	<folder></folder>
	<filename>IMG_2525_jpeg.rf.1aa1ce7cc3745d2147a399945f70f2ed.jpg</filename>
	<path>IMG_2525_jpeg.rf.1aa1ce7cc3745d2147a399945f70f2ed.jpg</path>
	<source>
		<database>roboflow.com</database>
	</source>
	<size>
		<width>640</width>
		<height>640</height>
		<depth>3</depth>
	</size>
	<segmented>0</segmented>
	<object>
		<name>vaccum cleaner</name>
		<pose>Unspecified</pose>
		<truncated>0</truncated>
		<difficult>0</difficult>
		<occluded>0</occluded>
		<bndbox>
			<xmin>188</xmin>
			<xmax>481</xmax>
			<ymin>17</ymin>
			<ymax>592</ymax>
		</bndbox>
	</object>
</annotation>
