<annotation>
	<folder></folder>
	<filename>IMG_2378_jpeg.rf.ee271b6e733fdba214a6f76ede418fee.jpg</filename>
	<path>IMG_2378_jpeg.rf.ee271b6e733fdba214a6f76ede418fee.jpg</path>
	<source>
		<database>roboflow.com</database>
	</source>
	<size>
		<width>640</width>
		<height>640</height>
		<depth>3</depth>
	</size>
	<segmented>0</segmented>
	<object>
		<name>tshirt</name>
		<pose>Unspecified</pose>
		<truncated>0</truncated>
		<difficult>0</difficult>
		<occluded>0</occluded>
		<bndbox>
			<xmin>48</xmin>
			<xmax>305</xmax>
			<ymin>46</ymin>
			<ymax>356</ymax>
		</bndbox>
	</object>
	<object>
		<name>tshirt</name>
		<pose>Unspecified</pose>
		<truncated>0</truncated>
		<difficult>0</difficult>
		<occluded>0</occluded>
		<bndbox>
			<xmin>317</xmin>
			<xmax>627</xmax>
			<ymin>51</ymin>
			<ymax>375</ymax>
		</bndbox>
	</object>
	<object>
		<name>tshirt</name>
		<pose>Unspecified</pose>
		<truncated>0</truncated>
		<difficult>0</difficult>
		<occluded>0</occluded>
		<bndbox>
			<xmin>134</xmin>
			<xmax>336</xmax>
			<ymin>369</ymin>
			<ymax>598</ymax>
		</bndbox>
	</object>
	<object>
		<name>tshirt</name>
		<pose>Unspecified</pose>
		<truncated>0</truncated>
		<difficult>0</difficult>
		<occluded>0</occluded>
		<bndbox>
			<xmin>295</xmin>
			<xmax>484</xmax>
			<ymin>336</ymin>
			<ymax>575</ymax>
		</bndbox>
	</object>
</annotation>
