<annotation>
	<folder></folder>
	<filename>IMG_2400_jpeg.rf.819cf14b1d4dfbdefb2a58740b325648.jpg</filename>
	<path>IMG_2400_jpeg.rf.819cf14b1d4dfbdefb2a58740b325648.jpg</path>
	<source>
		<database>roboflow.com</database>
	</source>
	<size>
		<width>640</width>
		<height>640</height>
		<depth>3</depth>
	</size>
	<segmented>0</segmented>
	<object>
		<name>tshirt</name>
		<pose>Unspecified</pose>
		<truncated>0</truncated>
		<difficult>0</difficult>
		<occluded>0</occluded>
		<bndbox>
			<xmin>22</xmin>
			<xmax>606</xmax>
			<ymin>82</ymin>
			<ymax>596</ymax>
		</bndbox>
	</object>
</annotation>
