<annotation>
	<folder></folder>
	<filename>IMG_2512_jpeg.rf.6ef86f0c2cb9c9fb5617372ea6cc6593.jpg</filename>
	<path>IMG_2512_jpeg.rf.6ef86f0c2cb9c9fb5617372ea6cc6593.jpg</path>
	<source>
		<database>roboflow.com</database>
	</source>
	<size>
		<width>640</width>
		<height>640</height>
		<depth>3</depth>
	</size>
	<segmented>0</segmented>
	<object>
		<name>ball</name>
		<pose>Unspecified</pose>
		<truncated>0</truncated>
		<difficult>0</difficult>
		<occluded>0</occluded>
		<bndbox>
			<xmin>31</xmin>
			<xmax>584</xmax>
			<ymin>100</ymin>
			<ymax>521</ymax>
		</bndbox>
	</object>
</annotation>
